12X,AAAS-026-01,14,B+
12X,AAAS-080-03,18,B+
12X,AMES-015-01,51,B+
12X,AMES-040-01,56,A-
12X,AMES-042-02,26,A-
12X,ANTH-020-01,49,A
12X,ARTH-059-01,46,B
12X,ASTR-002-01,59,A
12X,ASTR-002-02,57,A-
12X,ASTR-003-01,66,A-
12X,ASTR-003-02,90,A-
12X,BIOL-013-01,78,B
12X,BIOL-014-01,102,B
12X,BIOL-022-01,16,B+
12X,BIOL-045-01,13,B+
12X,CHEM-052-01,47,B
12X,CHEM-063-01,17,B+
12X,CHIN-011-90,24,A
12X,CHIN-022-90,12,A
12X,CHIN-023-90,12,A
12X,CHIN-031-90,12,A
12X,CHIN-032-90,12,A
12X,CLST-004-01,133,B+
12X,COLT-067-01,13,A
12X,COSC-051-01,31,B+
12X,COSC-056-01,56,A-
12X,EARS-005-01,47,B+
12X,EARS-040-01,26,A-
12X,ECON-020-01,53,B+
12X,ECON-020-02,53,B+
12X,ECON-026-01,61,B+
12X,ECON-026-02,61,B+
12X,ENGL-024-01,48,A /A-
12X,ENGL-067-11,14,B+
12X,ENGL-080-01,11,A-
12X,ENGL-080-02,12,A-
12X,ENGS-003-01,32,A-
12X,ENGS-003-02,35,B+
12X,ENGS-022-01,23,B+
12X,ENGS-025-01,35,B+
12X,ENGS-031-01,56,A-
12X,ENGS-033-01,41,A-
12X,ENVS-025-01,43,A-
12X,ENVS-039-01,37,A-
12X,FILM-001-01,24,B+/B
12X,FILM-036-90,12,A-
12X,FILM-039-90,12,B+
12X,FILM-047-01,13,A
12X,FILM-047-02,10,A-
12X,FILM-047-90,12,A-
12X,FREN-010-01,10,A-
12X,FREN-040-01,14,A
12X,GEOG-022-01,24,B+
12X,GEOG-042-01,15,B+
12X,GERM-003-90,15,A-
12X,GERM-005-90,15,A-
12X,GERM-006-90,15,A-
12X,GERM-046-01,22,A
12X,GOVT-006-01,25,B+
12X,GOVT-010-01,32,A-
12X,GOVT-040-01,23,A-
12X,GOVT-050-01,35,B+
12X,GOVT-059-01,27,B+
12X,GOVT-068-01,15,B+
12X,GOVT-069-01,23,B+
12X,HIST-011-01,24,A-
12X,HIST-013-01,22,A-
12X,HIST-023-01,32,A-
12X,HIST-057-01,27,B+
12X,HIST-089-01,32,A
12X,JWST-067-02,15,B+
12X,LATS-005-01,21,A-
12X,LING-011-01,12,A-
12X,MATH-020-01,36,B+
12X,MATH-022-01,40,B+
12X,MATH-031-01,15,A
12X,MATH-054-01,19,A
12X,MUS-001-01,16,A
12X,MUS-003-01,12,A
12X,NAS-050-01,23,B+
12X,PBPL-040-01,40,A-/B+
12X,PHIL-002-01,16,A-
12X,PHIL-050-01,15,B+
12X,PHYS-003-01,53,A-
12X,PHYS-042-01,14,A-
12X,PORT-003-90,12,A-
12X,PORT-005-90,12,A /A-
12X,PORT-006-90,12,A-
12X,PSYC-010-01,47,B+
12X,PSYC-011-01,29,B+
12X,PSYC-025-01,217,A-
12X,PSYC-054-01,14,A
12X,REL-002-01,21,B+
12X,REL-016-01,51,B+
12X,REL-019-01,10,A-
12X,REL-040-01,26,A-
12X,RUSS-019-01,14,A-
12X,RUSS-036-01,11,A-
12X,SART-015-01,14,A /A-
12X,SART-015-02,10,A
12X,SART-016-01,14,A
12X,SART-025-01,13,A-
12X,SOCY-022-01,20,B+
12X,SOCY-025-01,16,B+
12X,SOCY-044-01,21,A-
12X,SPAN-003-01,16,A-
12X,SPAN-020-01,12,A
12X,SPAN-060-01,10,A
12X,THEA-065-01,11,A
12X,WGST-010-01,31,A
12X,WGST-032-01,15,B+
12X,WGST-056-09,13,A
12F,AAAS-019-01,26,B+
12F,AAAS-039-01,55,A
12F,AAAS-052-01,11,A-
12F,AAAS-083-05,50,B
12F,AAAS-088-01,12,A-/B+
12F,AMES-011-01,28,A-
12F,ANTH-001-01,65,B
12F,ANTH-006-01,65,B
12F,ANTH-008-01,41,B+
12F,ANTH-017-01,30,A
12F,ANTH-030-01,48,A
12F,ANTH-031-01,33,A-
12F,ANTH-037-01,26,B+
12F,ANTH-040-01,15,A
12F,ANTH-041-01,10,A-
12F,ANTH-073-01,18,A-
12F,ANTH-075-01,16,A-/B+
12F,ARAB-001-01,10,A
12F,ARAB-001-02,12,A
12F,ARAB-021-01,18,A
12F,ARTH-001-01,37,A-
12F,ARTH-016-01,10,A-
12F,ARTH-017-01,13,B+
12F,ARTH-042-01,21,B+
12F,ARTH-051-01,21,A-
12F,ARTH-067-01,21,A-
12F,ARTH-083-01,12,A-
12F,ASTR-002-01,41,B+
12F,ASTR-003-01,41,B+
12F,BIOL-002-01,75,B+
12F,BIOL-008-01,45,B
12F,BIOL-011-01,147,B
12F,BIOL-012-01,112,B
12F,BIOL-016-01,30,B+
12F,BIOL-021-01,10,A-
12F,BIOL-027-01,33,B+
12F,BIOL-036-01,16,A-/B+
12F,BIOL-040-01,71,B+
12F,BIOL-046-01,22,B+
12F,BIOL-051-01,10,A-
12F,BIOL-069-01,10,A-
12F,BIOL-120-01,10,A-
12F,BIOL-173-01,10,A-
12F,CHEM-002-01,13,B+
12F,CHEM-005-01,60,B /B-
12F,CHEM-006-01,61,B
12F,CHEM-008-01,45,B
12F,CHEM-010-01,19,B+
12F,CHEM-051-01,63,B
12F,CHEM-057-01,16,B+
12F,CHIN-001-01,12,A
12F,CHIN-001-02,12,A-/B+
12F,CHIN-001-03,14,A-
12F,CHIN-004-01,16,A-
12F,CHIN-004-02,14,A-
12F,CHIN-004-03,11,A-
12F,CHIN-011-90,22,A
12F,CHIN-022-90,11,A-
12F,CHIN-023-90,11,A-
12F,CHIN-031-01,17,A
12F,CLST-003-01,25,B+
12F,CLST-006-01,20,B+
12F,CLST-024-01,24,B+
12F,COCO-005-01,12,B+
12F,COLT-010-01,16,A /A-
12F,COLT-031-01,10,A-
12F,COLT-040-01,17,A-
12F,COLT-040-02,22,A-
12F,COLT-057-01,12,A-/B+
12F,COLT-072-01,16,A
12F,COSC-001-01,127,A
12F,COSC-010-01,25,B
12F,COSC-022-01,18,A-/B+
12F,COSC-030-01,48,B+
12F,COSC-031-01,34,B+
12F,COSC-058-01,20,B+
12F,COSC-071-01,15,B+
12F,COSC-079-01,61,B+
12F,COSC-083-01,10,B /B-
12F,COSC-179-01,61,B+
12F,COSC-183-01,10,B /B-
12F,EARS-001-01,39,A-
12F,EARS-006-01,171,B+
12F,EARS-045-90,23,A-
12F,EARS-046-90,23,A-
12F,EARS-047-90,23,A
12F,ECON-001-01,89,B
12F,ECON-001-02,89,B
12F,ECON-001-03,56,B
12F,ECON-001-04,56,B
12F,ECON-001-05,74,B
12F,ECON-001-06,74,B
12F,ECON-002-01,35,B
12F,ECON-010-01,23,B+
12F,ECON-010-02,23,B+
12F,ECON-010-03,35,B+
12F,ECON-020-01,47,B
12F,ECON-020-02,47,B
12F,ECON-020-03,12,A-/B+
12F,ECON-021-01,24,A-
12F,ECON-021-02,24,A-
12F,ECON-021-03,51,B+
12F,ECON-021-04,51,B+
12F,ECON-022-01,63,B+
12F,ECON-022-02,63,B+
12F,ECON-022-03,57,B+
12F,ECON-022-04,57,B+
12F,ECON-024-01,59,B+
12F,ECON-024-02,59,B+
12F,ECON-026-01,26,B+
12F,ECON-026-02,26,B+
12F,ECON-027-01,34,B+
12F,ECON-028-01,40,B+
12F,ECON-028-02,40,B+
12F,ECON-029-01,69,B+
12F,ECON-029-02,69,B+
12F,ECON-036-01,72,B+
12F,ECON-036-02,72,B+
12F,ECON-038-02,19,B+
12F,ECON-039-01,48,B+
12F,ECON-039-02,48,B+
12F,ECON-075-01,31,B+
12F,ECON-075-02,31,B+
12F,ECON-080-01,14,A-
12F,EDUC-001-01,63,B+
12F,EDUC-015-01,13,B+
12F,EDUC-016-01,25,B+
12F,ENGL-015-01,23,A-
12F,ENGL-018-01,28,B+
12F,ENGL-020-01,18,B+
12F,ENGL-024-01,10,A
12F,ENGL-037-01,16,A-
12F,ENGL-040-01,12,A-
12F,ENGL-046-01,43,A-
12F,ENGL-060-11,17,A-
12F,ENGL-060-12,14,A
12F,ENGL-063-11,10,A-
12F,ENGL-067-02,56,A-
12F,ENGL-067-12,22,A /A-
12F,ENGL-067-20,44,A-
12F,ENGL-080-01,12,A /A-
12F,ENGL-085-02,10,A
12F,ENGL-090-91,10,A-
12F,ENGL-091-91,10,A-
12F,ENGL-092-91,10,A-
12F,ENGS-004-01,25,A
12F,ENGS-012-01,21,A
12F,ENGS-013-01,49,B+
12F,ENGS-020-01,32,B+
12F,ENGS-021-01,78,A-
12F,ENGS-023-01,45,A
12F,ENGS-026-01,26,B+
12F,ENGS-033-01,78,A-
12F,ENGS-035-01,23,A-
12F,ENGS-036-01,12,A-
12F,ENGS-037-01,49,B+
12F,ENGS-066-01,48,B+
12F,ENGS-076-01,25,A-
12F,ENGS-089-01,35,B+
12F,ENGS-091-01,15,B+
12F,ENGS-092-01,11,B+
12F,ENGS-160-01,23,A-
12F,ENVS-002-01,94,B+
12F,ENVS-040-90,15,A-
12F,ENVS-042-90,15,A-
12F,ENVS-044-01,24,A-
12F,ENVS-053-01,12,A-
12F,ENVS-060-01,31,B+
12F,ENVS-084-90,15,A-
12F,FILM-001-01,40,A
12F,FILM-020-01,17,A-
12F,FILM-031-01,10,A
12F,FILM-033-01,11,A-
12F,FILM-046-01,11,A-
12F,FREN-001-01,12,A /A-
12F,FREN-001-02,18,A-
12F,FREN-001-03,11,A-
12F,FREN-002-01,16,A-
12F,FREN-002-02,15,A
12F,FREN-002-03,14,A-
12F,FREN-002-04,11,A
12F,FREN-003-01,16,A-
12F,FREN-003-03,18,A-
12F,FREN-008-01,15,A-
12F,FREN-008-02,15,A-
12F,FREN-010-01,17,A
12F,FREN-010-02,11,A
12F,FREN-023-01,14,A-
12F,FREN-024-01,14,A-
12F,GEOG-001-01,51,A-
12F,GEOG-006-01,42,A-
12F,GEOG-017-01,37,A-
12F,GEOG-018-01,45,A-
12F,GEOG-020-01,25,B+
12F,GEOG-031-01,14,B+
12F,GEOG-044-01,24,A-
12F,GEOG-050-01,28,A
12F,GEOG-090-01,12,A-
12F,GEOG-090-02,21,A-
12F,GERM-001-01,22,B+
12F,GERM-001-02,17,A-
12F,GERM-003-01,10,A-
12F,GOVT-003-01,54,B+
12F,GOVT-004-01,44,B+
12F,GOVT-005-01,48,B+
12F,GOVT-005-02,48,B+
12F,GOVT-005-03,53,B+
12F,GOVT-006-01,44,A-
12F,GOVT-010-01,41,B+
12F,GOVT-026-01,35,B+
12F,GOVT-030-01,29,B+
12F,GOVT-031-01,34,B+
12F,GOVT-040-02,13,B+
12F,GOVT-040-03,22,A-
12F,GOVT-050-01,16,A-/B+
12F,GOVT-050-03,36,B+
12F,GOVT-060-02,36,B+
12F,GOVT-064-01,34,B+
12F,GOVT-064-02,23,B+
12F,GOVT-065-01,33,A-
12F,GOVT-084-02,11,A-
12F,GOVT-085-08,16,A-/B+
12F,GOVT-085-22,15,A-
12F,GOVT-086-09,11,A-
12F,GOVT-090-90,17,A
12F,GOVT-091-90,17,A-
12F,GOVT-092-90,17,A-
12F,HIST-002-01,35,B+
12F,HIST-003-02,18,B+
12F,HIST-003-05,14,B+
12F,HIST-005-02,31,A-
12F,HIST-005-03,29,A-
12F,HIST-005-08,26,B+
12F,HIST-006-01,28,A-
12F,HIST-008-01,16,A /A-
12F,HIST-009-01,28,A-
12F,HIST-012-01,24,A-
12F,HIST-014-01,69,B+
12F,HIST-018-01,12,A-/B+
12F,HIST-019-01,16,A-
12F,HIST-025-02,24,B+
12F,HIST-026-01,35,B+
12F,HIST-029-01,16,A /A-
12F,HIST-041-90,15,A-
12F,HIST-046-01,38,A-/B+
12F,HIST-049-01,10,A-
12F,HIST-065-01,33,B+
12F,HIST-068-01,11,A-
12F,HIST-082-01,14,A-
12F,HIST-096-02,13,A
12F,HIST-098-01,16,A
12F,HUM-001-02,16,A-/B+
12F,HUM-001-03,15,B+
12F,HUM-001-04,15,A-
12F,INTS-015-01,21,A-
12F,INTS-016-01,42,A-
12F,INTS-017-01,12,A-/B+
12F,ITAL-001-01,10,A-
12F,ITAL-001-02,10,A-
12F,ITAL-001-03,17,A
12F,ITAL-002-01,11,A
12F,ITAL-003-01,15,A-
12F,ITAL-003-02,12,A-
12F,ITAL-003-90,13,A-
12F,ITAL-005-90,13,A-
12F,ITAL-006-90,13,A-
12F,ITAL-015-01,17,B+
12F,JAPN-031-01,11,B+
12F,JAPN-061-01,22,A-
12F,JWST-006-01,71,B+
12F,JWST-070-03,13,A
12F,LACS-030-04,28,A-
12F,LACS-082-01,14,A-
12F,LAT-001-01,21,B+
12F,LAT-001-02,17,A
12F,LAT-001-03,14,A
12F,LAT-015-01,12,B+
12F,LAT-020-01,10,A
12F,LATS-041-01,23,B+
12F,LATS-043-01,12,A-/B+
12F,LING-001-01,79,A
12F,LING-018-01,28,B+
12F,LING-022-01,19,A-
12F,LING-050-01,12,A
12F,M&SS-015-01,14,A
12F,M&SS-036-01,12,A-/B+
12F,MATH-001-01,47,B-
12F,MATH-001-02,47,B-
12F,MATH-003-01,191,B-
12F,MATH-003-02,191,B-
12F,MATH-003-03,191,B-
12F,MATH-003-04,191,B-
12F,MATH-003-05,191,B-
12F,MATH-008-01,113,B+
12F,MATH-008-02,113,B+
12F,MATH-008-03,113,B+
12F,MATH-011-01,155,A-
12F,MATH-011-02,155,A-
12F,MATH-011-03,155,A-
12F,MATH-011-04,155,A-
12F,MATH-012-01,13,B+
12F,MATH-013-01,20,B+/B
12F,MATH-020-01,27,B+
12F,MATH-022-01,38,A-
12F,MATH-023-01,44,B+
12F,MATH-023-02,44,B+
12F,MATH-025-01,23,A-
12F,MATH-031-01,27,A-
12F,MATH-036-01,12,A-/B+
12F,MATH-071-01,12,A-
12F,MATH-086-01,25,A-
12F,MUS-005-01,55,A
12F,MUS-009-01,31,A
12F,MUS-020-01,18,A-
12F,MUS-023-01,11,A
12F,MUS-051-01,29,A
12F,NAS-008-01,33,A-
12F,NAS-014-01,69,B+
12F,NAS-032-01,44,A-
12F,NAS-032-02,56,A-
12F,NAS-036-01,36,B+
12F,NAS-042-01,19,A-
12F,PBPL-020-01,35,A-
12F,PBPL-045-01,25,A-
12F,PBPL-052-01,29,B+
12F,PBPL-082-02,13,B+
12F,PHIL-001-01,34,B+/B
12F,PHIL-001-02,26,B+/B
12F,PHIL-003-01,42,B+
12F,PHIL-009-01,48,B+
12F,PHIL-011-01,13,A-
12F,PHIL-017-01,11,A
12F,PHIL-030-01,11,A-
12F,PHIL-050-01,10,A-/B+
12F,PHIL-050-90,13,B+
12F,PHYS-003-01,127,A-
12F,PHYS-013-01,77,B+
12F,PHYS-013-02,77,B+
12F,PHYS-015-01,27,A-
12F,PHYS-019-01,14,B+
12F,PHYS-043-01,11,B+
12F,PHYS-070-01,11,B+
12F,PSYC-001-01,119,B
12F,PSYC-006-01,84,B+
12F,PSYC-010-01,44,B+
12F,PSYC-011-01,38,B+
12F,PSYC-021-01,67,B+
12F,PSYC-024-01,105,B+
12F,PSYC-040-01,61,B+
12F,PSYC-044-01,41,A-
12F,PSYC-045-01,32,A-
12F,PSYC-050-01,37,B+
12F,PSYC-050-02,28,B+
12F,PSYC-054-01,28,A-
12F,PSYC-060-01,11,A-
12F,PSYC-065-01,20,B
12F,PSYC-083-02,13,A
12F,PSYC-086-01,14,A
12F,PSYC-087-01,13,B+
12F,REL-006-01,71,B+
12F,REL-017-01,50,B
12F,REL-052-01,28,A-
12F,REL-062-01,35,A
12F,REL-081-01,13,A
12F,RUSS-001-01,12,A /A-
12F,RUSS-013-01,116,A-
12F,SART-015-01,16,A
12F,SART-015-02,18,A-
12F,SART-015-03,14,A-/B+
12F,SART-016-01,12,A-
12F,SART-025-02,12,A-
12F,SART-029-01,12,A-/B+
12F,SOCY-001-01,86,B
12F,SOCY-010-01,32,B+
12F,SOCY-015-01,16,A-
12F,SOCY-021-01,11,A-
12F,SOCY-029-01,33,B+
12F,SOCY-034-01,30,A-
12F,SOCY-047-01,29,A-
12F,SOCY-049-08,27,A
12F,SOCY-067-01,13,B+
12F,SOCY-079-04,13,A
12F,SPAN-001-01,20,A /A-
12F,SPAN-001-02,21,A-
12F,SPAN-001-03,22,A-
12F,SPAN-001-04,15,A-
12F,SPAN-002-01,21,A-
12F,SPAN-002-02,22,A-
12F,SPAN-002-03,23,A-
12F,SPAN-002-04,20,A-/B+
12F,SPAN-003-01,16,A-
12F,SPAN-003-02,20,A-
12F,SPAN-003-03,20,A-
12F,SPAN-003-04,20,A-
12F,SPAN-009-01,19,A-
12F,SPAN-009-02,18,B+
12F,SPAN-009-03,19,A-
12F,SPAN-009-04,15,A-
12F,SPAN-020-01,11,A
12F,SPAN-020-02,15,A-
12F,SPAN-024-90,19,A
12F,SPAN-032-01,12,A /A-
12F,SPAN-032-02,15,A-
12F,SPAN-034-90,19,A-
12F,SPAN-036-90,19,A-
12F,SPAN-040-01,11,A
12F,SPAN-070-01,18,A-/B+
12F,SPAN-080-01,10,A-
12F,SPEE-020-01,14,A
12F,SPEE-020-02,13,A
12F,THEA-001-01,17,A
12F,THEA-010-01,12,A-
12F,THEA-010-02,13,A
12F,THEA-015-01,10,A-
12F,THEA-030-01,16,A
12F,THEA-030-02,16,A
12F,THEA-040-01,18,A
12F,THEA-041-01,11,A
12F,THEA-048-01,10,A
12F,TUCK-002-01,123,B+
12F,TUCK-002-02,123,B+
12F,WGST-010-01,32,A
12F,WGST-010-02,28,A-
12F,WGST-018-01,26,A
12F,WGST-026-02,16,A /A-
12F,WGST-036-01,33,A-
12F,WGST-053-06,14,A
12F,WGST-059-04,13,A
12F,WGST-066-05,13,A-
12F,WGST-080-01,10,A
12F,WRIT-002-01,14,A /A-
12F,WRIT-002-02,14,A-
12F,WRIT-002-03,16,A
12F,WRIT-002-04,14,B
12F,WRIT-002-05,16,B+
12F,WRIT-002-06,16,B+
12F,WRIT-002-07,13,A-
12F,WRIT-002-08,16,A-
12F,WRIT-005-01,16,A /A-
12F,WRIT-005-02,16,A-
12F,WRIT-005-03,13,A
12F,WRIT-005-04,16,A-
12F,WRIT-005-05,16,A /A-
12F,WRIT-005-06,16,A
12F,WRIT-005-07,16,B+
12F,WRIT-005-08,16,A-
12F,WRIT-005-09,16,B+
12F,WRIT-005-10,16,A
12F,WRIT-005-11,16,A
12F,WRIT-005-12,16,A-
12F,WRIT-005-13,15,B+
12F,WRIT-005-14,16,A-
12F,WRIT-005-15,16,A-
12F,WRIT-005-16,16,B+
12F,WRIT-005-17,16,B+
12F,WRIT-005-18,16,A-
12F,WRIT-005-19,15,A-
12F,WRIT-005-20,16,A-/B+
12F,WRIT-005-22,16,A-
12F,WRIT-005-23,14,A-
12F,WRIT-005-24,16,A-
12F,WRIT-005-26,16,B+
12F,WRIT-005-27,16,A
12F,WRIT-005-28,16,A-
12F,WRIT-005-29,16,A-
12F,WRIT-005-30,16,A-
12F,WRIT-005-31,15,B+
12F,WRIT-005-32,15,A
12F,WRIT-005-33,16,A-/B+
12F,WRIT-005-34,15,A-
12F,WRIT-005-35,12,A-
13W,AAAS-007-01,16,A-
13W,AAAS-010-01,10,A /A-
13W,AAAS-025-01,24,B+/B
13W,AAAS-040-01,15,A
13W,AAAS-053-01,10,B+
13W,AAAS-065-01,14,B+
13W,AAAS-086-01,18,A-/B+
13W,AAAS-090-02,15,A
13W,AMES-004-01,27,A-
13W,AMES-010-01,52,B+
13W,AMES-012-01,48,A-
13W,AMES-030-01,27,A-
13W,AMES-043-04,19,A-
13W,AMES-045-01,31,A
13W,AMES-091-01,21,A-
13W,ANTH-003-01,46,A-
13W,ANTH-004-01,20,A-/B+
13W,ANTH-007-01,16,B+
13W,ANTH-011-01,14,A-/B+
13W,ANTH-012-03,11,A-
13W,ANTH-021-01,22,A /A-
13W,ANTH-034-01,11,A-
13W,ANTH-043-01,15,B+
13W,ANTH-051-90,17,A-
13W,ANTH-052-90,12,A
13W,ANTH-053-01,11,A-
13W,ANTH-054-90,12,A-
13W,ANTH-056-01,10,A /A-
13W,ANTH-057-01,16,A-
13W,ARAB-002-01,10,A
13W,ARAB-002-02,10,A
13W,ARAB-010-01,27,A-
13W,ARAB-022-01,11,A
13W,ARAB-081-01,11,A
13W,ARTH-002-01,38,B+
13W,ARTH-007-01,16,A-/B+
13W,ARTH-016-01,19,A-
13W,ARTH-016-02,24,A-
13W,ARTH-017-01,19,A-
13W,ARTH-052-01,45,B+
13W,ARTH-063-01,14,B+
13W,BIOL-009-01,45,B
13W,BIOL-011-01,72,B
13W,BIOL-013-01,79,B
13W,BIOL-014-01,88,B
13W,BIOL-015-01,18,B
13W,BIOL-029-01,35,B+
13W,BIOL-039-01,10,A-
13W,BIOL-042-01,23,B
13W,BIOL-045-01,20,A-
13W,BIOL-055-90,15,A-
13W,BIOL-056-90,15,A-
13W,BIOL-057-90,15,A-
13W,BIOL-058-01,10,A /A-
13W,BIOL-066-01,22,B+
13W,BIOL-078-01,17,A
13W,BIOL-123-01,10,A /A-
13W,BIOL-128-01,35,B+
13W,BIOL-139-01,10,A-
13W,BIOL-166-01,22,B+
13W,CHEM-005-01,46,B /B-
13W,CHEM-005-02,103,B
13W,CHEM-009-01,45,B
13W,CHEM-040-01,13,B
13W,CHEM-052-01,56,B
13W,CHEM-058-01,16,A-/B+
13W,CHEM-064-01,25,B+
13W,CHEM-075-01,17,B+
13W,CHIN-002-01,14,A-
13W,CHIN-002-02,17,A-
13W,CHIN-010-01,48,A-
13W,CHIN-032-01,15,A
13W,CLST-001-01,43,A
13W,CLST-014-01,15,A-
13W,COCO-003-01,15,A
13W,COCO-008-01,16,A
13W,COLT-007-01,16,A /A-
13W,COLT-010-01,10,A-
13W,COLT-062-01,12,A
13W,COLT-064-01,21,A-
13W,COLT-065-01,37,B+
13W,COSC-001-01,93,B+
13W,COSC-002-01,21,A
13W,COSC-009-01,10,A-
13W,COSC-010-01,61,B+
13W,COSC-024-01,20,A
13W,COSC-030-01,31,B+
13W,COSC-050-01,46,A-
13W,COSC-061-01,18,B+/B
13W,COSC-074-01,18,A-/B+
13W,COSC-084-01,10,A-/B+
13W,COSC-174-01,18,A-/B+
13W,COSC-184-01,10,A-/B+
13W,EARS-002-01,146,A-
13W,EARS-007-01,16,A
13W,EARS-009-01,27,A-
13W,EARS-066-01,16,B+
13W,EARS-077-01,17,A
13W,EARS-177-01,17,A
13W,ECON-001-01,84,B
13W,ECON-001-02,84,B
13W,ECON-001-03,66,B
13W,ECON-001-04,66,B
13W,ECON-010-01,59,B+
13W,ECON-010-02,59,B+
13W,ECON-020-01,62,B+
13W,ECON-020-02,62,B+
13W,ECON-021-01,34,A-
13W,ECON-021-02,34,A-
13W,ECON-021-03,44,B+
13W,ECON-021-04,44,B+
13W,ECON-022-01,30,B+/B
13W,ECON-022-02,61,B+
13W,ECON-022-03,61,B+
13W,ECON-022-04,24,B+
13W,ECON-022-05,24,B+
13W,ECON-025-01,61,B+
13W,ECON-025-02,61,B+
13W,ECON-026-01,41,A-
13W,ECON-026-02,41,A-
13W,ECON-028-01,29,A-
13W,ECON-029-01,72,B+
13W,ECON-029-02,72,B+
13W,ECON-036-01,26,B+
13W,ECON-036-02,26,B+
13W,ECON-039-01,67,A-
13W,ECON-039-02,67,A-
13W,ECON-044-01,22,A-
13W,ECON-044-02,22,A-
13W,ECON-046-01,28,A-
13W,ECON-046-02,28,A-
13W,ECON-048-01,26,A-
13W,ECON-048-02,26,A-
13W,ECON-049-01,17,B+
13W,EDUC-056-01,18,A-/B+
13W,EDUC-058-01,21,B+
13W,EDUC-064-01,24,B+/B
13W,EDUC-088-01,10,B+/B
13W,ENGL-007-01,16,B+
13W,ENGL-007-02,15,A-
13W,ENGL-007-03,16,A-
13W,ENGL-007-05,16,A-
13W,ENGL-007-06,15,B+
13W,ENGL-007-07,16,A-/B+
13W,ENGL-015-01,24,A-
13W,ENGL-016-01,15,A-
13W,ENGL-034-01,11,B+
13W,ENGL-038-01,17,B+
13W,ENGL-042-01,189,A-
13W,ENGL-058-01,14,B+
13W,ENGL-060-13,15,A
13W,ENGL-060-14,47,A-
13W,ENGL-063-12,16,A-
13W,ENGL-063-13,14,B+
13W,ENGL-080-01,11,A-
13W,ENGL-080-02,11,A-
13W,ENGL-083-01,11,A-
13W,ENGS-001-01,34,A-
13W,ENGS-002-01,72,A-
13W,ENGS-007-01,16,A-
13W,ENGS-008-01,52,A-
13W,ENGS-012-01,24,A
13W,ENGS-014-01,33,A-
13W,ENGS-018-01,16,A-
13W,ENGS-020-01,33,B+
13W,ENGS-021-01,39,A-
13W,ENGS-022-01,72,A-/B+
13W,ENGS-023-01,11,B+
13W,ENGS-024-01,30,B+
13W,ENGS-027-01,44,B+
13W,ENGS-032-01,32,A-/B+
13W,ENGS-034-01,24,A-
13W,ENGS-062-01,13,B+
13W,ENGS-066-01,31,B+
13W,ENGS-075-01,15,A-
13W,ENGS-090-01,32,B+
13W,ENGS-093-01,22,A-
13W,ENGS-142-01,12,A-/B+
13W,ENGS-163-01,10,A-/B+
13W,ENVS-001-01,29,A-
13W,ENVS-007-01,15,B+
13W,ENVS-007-02,16,A-
13W,ENVS-012-01,29,A-
13W,ENVS-018-01,32,A
13W,ENVS-020-01,20,A
13W,ENVS-055-01,32,B+
13W,ENVS-061-01,30,B+
13W,FILM-007-01,16,A
13W,FILM-010-01,11,A-
13W,FILM-021-01,20,A-/B+
13W,FILM-033-01,15,A-
13W,FILM-040-01,16,B+
13W,FILM-041-01,15,A-
13W,FILM-047-01,12,A
13W,FILM-047-02,46,A
13W,FREN-001-01,11,A
13W,FREN-002-01,16,A-
13W,FREN-002-02,17,A-
13W,FREN-003-01,17,B+
13W,FREN-003-02,20,A-
13W,FREN-003-03,13,A-
13W,FREN-003-92,12,A
13W,FREN-005-92,12,A
13W,FREN-006-92,12,A
13W,FREN-008-01,21,B+
13W,FREN-008-90,12,A-
13W,FREN-010-01,13,A
13W,FREN-010-90,12,A-
13W,FREN-012-90,12,A /A-
13W,FREN-025-01,12,A-
13W,FREN-029-90,15,A-
13W,FREN-030-90,15,A
13W,FREN-031-90,15,A-
13W,FREN-070-01,11,A-
13W,FRIT-033-01,12,A
13W,GEOG-001-01,42,A /A-
13W,GEOG-002-01,34,A-
13W,GEOG-004-01,11,B+
13W,GEOG-006-01,43,B+
13W,GEOG-007-01,16,A
13W,GEOG-007-02,16,A
13W,GEOG-012-01,22,A-/B+
13W,GEOG-028-01,27,A-
13W,GEOG-043-01,21,A-
13W,GEOG-059-01,17,A
13W,GERM-001-01,11,B
13W,GERM-002-01,19,B+
13W,GERM-002-02,11,B+
13W,GERM-045-01,21,A-
13W,GOVT-003-01,51,B+
13W,GOVT-004-01,45,B+
13W,GOVT-005-01,47,B+
13W,GOVT-005-02,26,B+
13W,GOVT-006-01,29,B+
13W,GOVT-007-01,16,A-
13W,GOVT-010-01,33,B+
13W,GOVT-018-01,33,B
13W,GOVT-020-01,21,B+
13W,GOVT-035-01,25,B+
13W,GOVT-040-01,30,A-
13W,GOVT-050-02,35,B+
13W,GOVT-050-03,38,B+
13W,GOVT-054-01,32,A-
13W,GOVT-063-01,17,A-
13W,GOVT-066-02,29,B+
13W,GOVT-083-05,15,A-
13W,GOVT-084-01,21,A-
13W,GOVT-084-26,13,A-
13W,GOVT-085-12,17,A-
13W,GOVT-086-01,16,A-
13W,GOVT-086-18,17,A-
13W,GRK-001-05,13,A
13W,GRK-003-05,13,A
13W,HIST-005-05,13,B+
13W,HIST-006-03,18,A-/B+
13W,HIST-007-01,16,A-
13W,HIST-007-02,16,B+
13W,HIST-007-03,16,A-/B+
13W,HIST-007-04,14,A-
13W,HIST-024-01,24,B+
13W,HIST-025-01,16,A-
13W,HIST-030-01,15,B+
13W,HIST-034-01,45,B+
13W,HIST-036-01,52,B+
13W,HIST-038-01,33,B+
13W,HIST-053-01,38,B+
13W,HIST-069-01,10,B+
13W,HIST-079-01,15,A-
13W,HIST-094-03,15,A-
13W,HIST-096-02,12,A-
13W,HIST-096-05,18,B+
13W,HIST-096-06,16,A-
13W,HIST-096-07,15,A-
13W,HIST-099-01,13,A
13W,HUM-002-02,11,B+
13W,HUM-002-03,10,A-
13W,HUM-002-04,12,A /A-
13W,INTS-015-01,20,A-
13W,INTS-016-01,43,B+
13W,INTS-018-01,34,A-
13W,ITAL-001-01,12,A
13W,ITAL-001-02,12,A-
13W,ITAL-002-01,12,A-/B+
13W,ITAL-002-02,11,A-
13W,ITAL-003-01,14,A-/B+
13W,ITAL-008-90,15,A-
13W,ITAL-010-90,15,A-
13W,ITAL-012-90,15,A-
13W,JWST-007-01,16,A-
13W,JWST-037-02,21,A-
13W,LACS-007-01,16,A-
13W,LACS-042-01,22,A /A-
13W,LACS-054-01,18,A-/B+
13W,LAT-001-01,10,A /A-
13W,LAT-003-01,10,B+/B
13W,LAT-003-02,27,A-
13W,LAT-003-03,17,B+
13W,LATS-040-01,27,A-
13W,LATS-045-01,11,A-
13W,LING-011-01,16,A-
13W,LING-021-01,16,A /A-
13W,LING-026-01,19,A-
13W,LING-050-01,10,A-
13W,MATH-002-01,37,B+
13W,MATH-002-02,37,B+
13W,MATH-003-01,74,B-
13W,MATH-003-02,74,B-
13W,MATH-005-01,22,B+
13W,MATH-008-01,63,A-
13W,MATH-008-02,63,A-
13W,MATH-013-01,69,B+
13W,MATH-013-02,69,B+
13W,MATH-023-01,48,A-
13W,MATH-023-02,48,A-
13W,MATH-024-01,20,A-/B+
13W,MATH-035-01,34,A-/B+
13W,MATH-050-01,21,A
13W,MATH-069-01,12,A
13W,MATH-076-01,16,A
13W,MUS-004-01,27,A-
13W,MUS-008-01,21,A
13W,MUS-022-01,11,A
13W,MUS-040-01,16,B+
13W,MUS-045-01,31,A
13W,MUS-051-01,30,A
13W,NAS-010-01,20,A-/B+
13W,NAS-011-01,14,A-/B+
13W,NAS-018-01,32,A
13W,NAS-022-01,44,A-
13W,NAS-025-01,23,A-
13W,NAS-034-01,47,A-
13W,NAS-038-01,33,B+
13W,NAS-040-01,16,A-
13W,NAS-081-01,18,B+
13W,PBPL-005-01,80,B+
13W,PBPL-007-01,16,A-
13W,PBPL-081-05,15,A-
13W,PBPL-082-01,17,A-
13W,PBPL-084-02,12,A-
13W,PBPL-091-01,13,A
13W,PHIL-006-01,17,A
13W,PHIL-008-01,46,A-
13W,PHIL-023-01,10,B+
13W,PHIL-035-01,26,A-
13W,PHIL-080-01,12,A
13W,PHYS-004-01,87,A-
13W,PHYS-013-01,116,B
13W,PHYS-013-02,116,B
13W,PHYS-014-01,41,B+
13W,PHYS-016-01,26,A-
13W,PHYS-024-01,10,A-/B+
13W,PHYS-041-01,15,A-
13W,PHYS-048-01,32,A-/B+
13W,PSYC-001-01,123,B
13W,PSYC-006-01,72,A
13W,PSYC-007-01,16,A-
13W,PSYC-023-01,137,B+
13W,PSYC-025-01,64,A-
13W,PSYC-026-01,35,B
13W,PSYC-043-01,62,B+
13W,PSYC-045-01,34,B+
13W,PSYC-052-01,40,B+
13W,PSYC-053-01,32,B+
13W,PSYC-053-02,36,A-
13W,PSYC-060-01,17,A-
13W,PSYC-083-01,14,A-
13W,PSYC-083-02,10,A
13W,REL-001-01,26,A-
13W,REL-007-01,14,A
13W,REL-010-01,52,B+
13W,REL-012-01,47,B+
13W,REL-015-01,32,A-
13W,REL-029-01,12,A-
13W,RUSS-002-1,16,A-
13W,RUSS-007-01,16,A-/B+
13W,RUSS-010-01,30,A
13W,SART-015-01,16,A
13W,SART-015-02,12,A
13W,SART-016-01,12,A-
13W,SART-022-01,11,A
13W,SART-025-01,16,A-
13W,SART-029-01,12,B+
13W,SART-076-01,12,A-
13W,SART-076-02,12,A
13W,SOCY-002-01,37,A-
13W,SOCY-007-01,16,A
13W,SOCY-010-01,34,B+
13W,SOCY-046-01,24,B+/B
13W,SOCY-048-01,27,A-
13W,SOCY-049-11,31,B+
13W,SOCY-055-01,15,A-
13W,SOCY-066-01,29,B
13W,SOCY-091-01,17,B+
13W,SPAN-001-01,18,A-
13W,SPAN-001-02,21,B+
13W,SPAN-002-01,37,A-
13W,SPAN-002-02,37,A-
13W,SPAN-002-03,38,A-
13W,SPAN-002-04,38,A-
13W,SPAN-002-05,13,A-
13W,SPAN-003-01,36,A-
13W,SPAN-003-02,36,A-
13W,SPAN-003-03,22,A-
13W,SPAN-003-90,14,A-
13W,SPAN-003-91,17,A-
13W,SPAN-005-90,14,A /A-
13W,SPAN-005-91,17,A-
13W,SPAN-006-90,14,A
13W,SPAN-006-91,17,A-
13W,SPAN-007-01,16,A /A-
13W,SPAN-009-01,17,A-
13W,SPAN-009-02,20,A
13W,SPAN-020-01,12,A
13W,SPAN-020-02,12,A-
13W,SPAN-031-02,11,A-
13W,SPAN-050-01,17,A
13W,SPAN-055-01,10,A-
13W,SPAN-080-01,10,A-
13W,SPEE-020-01,14,A-
13W,SPEE-031-01,15,A-
13W,SPEE-040-01,13,A-
13W,THEA-007-01,16,A-
13W,THEA-007-02,16,A
13W,THEA-010-01,16,A
13W,THEA-010-04,15,A-
13W,THEA-016-01,16,A-
13W,THEA-030-01,17,A
13W,THEA-040-01,15,A
13W,TUCK-001-01,121,B+
13W,TUCK-001-02,121,B+
13W,WGST-007-01,16,A
13W,WGST-007-02,10,A-
13W,WGST-010-01,16,A
13W,WGST-015-01,16,A-
13W,WGST-031-04,21,B+
13W,WGST-033-01,24,B+/B
13W,WGST-033-06,20,A /A-
13W,WGST-034-02,15,A
13W,WGST-042-05,11,A-
13W,WGST-059-05,15,A-
13W,WGST-065-03,46,A
13W,WRIT-003-01,14,A /A-
13W,WRIT-003-02,15,A-
13W,WRIT-003-03,16,A
13W,WRIT-003-04,14,B
13W,WRIT-003-05,16,B+
13W,WRIT-003-06,16,B+
13W,WRIT-003-07,13,A-
13W,WRIT-003-08,16,A-
13W,WRIT-005-01,16,A-
13W,WRIT-005-02,16,A
13W,WRIT-005-03,16,A-
13W,WRIT-005-04,16,A
13W,WRIT-005-05,16,A /A-
13W,WRIT-005-06,16,A-
13W,WRIT-005-08,13,A-
13W,WRIT-005-09,16,A-
13W,WRIT-005-10,16,A-
13W,WRIT-005-11,16,A
13W,WRIT-005-12,16,A-
13W,WRIT-005-13,14,A-
13W,WRIT-005-14,16,A
13W,WRIT-005-15,15,A-
13W,WRIT-005-16,14,A-/B+
13W,WRIT-005-17,16,A-
13W,WRIT-005-19,14,A-
13W,WRIT-005-20,16,B+
13W,WRIT-005-21,15,A
13W,WRIT-005-22,16,A-
13W,WRIT-005-23,16,B+
13W,WRIT-005-24,15,A-
13W,WRIT-005-25,15,A-
13W,WRIT-005-26,16,A-
13W,WRIT-005-28,16,A-
13W,WRIT-005-29,16,A
13S,AAAS-015-01,14,A
13S,AAAS-051-01,14,A /A-
13S,AAAS-060-01,18,A-
13S,AAAS-067-01,11,A-
13S,AAAS-082-01,26,A-/B+
13S,AAAS-082-04,22,A
13S,AAAS-083-04,18,B+
13S,AAAS-085-03,17,A-
13S,AAAS-090-05,11,A
13S,AAAS-091-01,13,A-
13S,AMEL-007-01,16,A-
13S,AMES-018-01,19,A
13S,AMES-021-01,34,A-
13S,AMES-024-01,14,A
13S,AMES-025-01,14,A-
13S,AMES-026-01,12,A-
13S,AMES-041-01,23,A
13S,AMES-043-02,10,A-
13S,ANTH-005-01,12,A
13S,ANTH-012-02,20,A-
13S,ANTH-014-01,35,A-
13S,ANTH-020-01,44,B
13S,ANTH-023-01,13,A-
13S,ANTH-032-01,12,A-
13S,ANTH-033-01,11,A-
13S,ANTH-048-01,26,B+/B
13S,ANTH-050-06,32,A-
13S,ANTH-050-08,20,A
13S,ANTH-077-01,12,A
13S,ARAB-003-01,10,A
13S,ARAB-003-02,10,A
13S,ARAB-062-01,27,A
13S,ARTH-007-01,16,A
13S,ARTH-010-90,15,A-
13S,ARTH-011-90,15,A-
13S,ARTH-012-90,15,A
13S,ARTH-016-01,12,B+
13S,ARTH-016-02,12,A-
13S,ARTH-017-01,19,A-
13S,ARTH-020-01,29,A-
13S,ARTH-032-01,17,A-
13S,ARTH-061-01,10,A-
13S,ARTH-065-01,19,A-
13S,ASTR-001-01,44,A-
13S,ASTR-015-01,16,B+
13S,BIOL-004-01,25,A-
13S,BIOL-006-01,19,B
13S,BIOL-007-01,16,A
13S,BIOL-007-02,16,A-
13S,BIOL-011-01,88,B
13S,BIOL-012-01,98,B
13S,BIOL-016-01,26,B
13S,BIOL-025-01,33,B
13S,BIOL-031-01,15,B
13S,BIOL-037-01,33,B+
13S,BIOL-063-01,15,A
13S,BIOL-071-01,10,A /A-
13S,BIOL-076-01,31,A
13S,BIOL-099-01,11,A
13S,BIOL-171-01,10,A /A-
13S,BIOL-176-01,31,A
13S,CHEM-006-01,121,B
13S,CHEM-006-02,85,B
13S,CHEM-007-01,15,A
13S,CHEM-041-01,40,B+
13S,CHEM-051-01,85,B+
13S,CHEM-076-01,15,A-
13S,CHIN-003-01,15,A-
13S,CHIN-003-02,15,A-
13S,CHIN-033-01,11,A
13S,CHIN-061-01,30,A-
13S,CHIN-062-01,20,A-
13S,CLST-002-01,12,A-/B+
13S,CLST-007-01,12,A-
13S,CLST-011-01,22,B+
13S,CLST-011-02,17,A-
13S,CLST-017-01,24,B+
13S,CLST-025-01,20,B+
13S,CLST-030-90,14,A /A-
13S,CLST-030-91,14,A
13S,CLST-031-90,14,B+
13S,COCO-001-01,35,A-
13S,COCO-002-01,32,A-
13S,COCO-004-01,26,A-
13S,COGS-002-01,142,A-
13S,COGS-026-01,48,A-
13S,COLT-007-01,16,A /A-
13S,COLT-007-02,16,A-/B+
13S,COLT-010-01,16,A-
13S,COLT-035-01,27,A
13S,COLT-051-01,14,A /A-
13S,COLT-057-01,24,A-
13S,COLT-057-02,16,A-
13S,COLT-067-01,11,A-
13S,COSC-001-01,115,B+
13S,COSC-007-01,15,A-
13S,COSC-020-01,26,A-
13S,COSC-027-01,15,A
13S,COSC-031-01,16,A-/B+
13S,COSC-050-01,46,B+
13S,COSC-051-01,36,B+
13S,COSC-056-01,37,A-
13S,COSC-060-01,14,A /A-
13S,COSC-065-01,40,A
13S,COSC-069-01,14,A-
13S,COSC-077-01,16,A
13S,COSC-099-01,10,A
13S,COSC-165-01,40,A
13S,EARS-001-01,42,B+
13S,EARS-003-01,160,A-
13S,EARS-004-01,19,B
13S,EARS-008-01,12,A
13S,EARS-031-01,21,A-
13S,EARS-052-01,13,B+
13S,EARS-071-01,25,A-
13S,EARS-171-01,25,A-
13S,ECON-001-01,74,B /B-
13S,ECON-001-02,74,B /B-
13S,ECON-001-03,30,B
13S,ECON-001-04,30,B
13S,ECON-002-01,40,B
13S,ECON-010-01,50,B+
13S,ECON-010-02,50,B+
13S,ECON-020-01,55,B
13S,ECON-020-02,55,B
13S,ECON-021-01,64,B+
13S,ECON-021-02,64,B+
13S,ECON-021-03,21,B+
13S,ECON-021-04,31,B+
13S,ECON-022-01,59,B+
13S,ECON-022-02,59,B+
13S,ECON-022-03,59,B+
13S,ECON-022-04,59,B+
13S,ECON-024-01,59,B+
13S,ECON-024-02,59,B+
13S,ECON-026-01,30,B+
13S,ECON-026-02,30,B+
13S,ECON-028-01,23,B+
13S,ECON-029-01,60,A
13S,ECON-029-02,60,A
13S,ECON-036-01,53,B+
13S,ECON-036-02,53,B+
13S,ECON-038-01,26,B+
13S,ECON-039-01,68,A-
13S,ECON-039-02,68,A-
13S,ECON-045-01,16,A-
13S,ECON-045-02,16,A-
13S,ECON-046-01,18,A-
13S,ECON-046-02,18,A-
13S,ECON-046-03,46,A-
13S,ECON-046-04,46,A-
13S,ECON-046-05,46,A-
13S,ECON-049-01,29,A-
13S,ECON-049-02,29,A-
13S,ECON-076-01,16,A-
13S,ECON-079-01,15,A
13S,ECON-081-01,13,A
13S,ECS-155-01,16,A /A-
13S,EDUC-050-01,16,B+
13S,EDUC-057-01,27,A-
13S,EDUC-060-01,23,B+
13S,EDUC-062-01,23,B+
13S,ENGL-007-01,15,A
13S,ENGL-007-02,16,A-
13S,ENGL-007-03,16,A-
13S,ENGL-007-04,15,B+
13S,ENGL-007-05,16,A-
13S,ENGL-008-01,22,A
13S,ENGL-022-01,24,A-
13S,ENGL-028-01,25,A
13S,ENGL-032-01,21,A-
13S,ENGL-045-01,50,A-
13S,ENGL-047-01,50,A
13S,ENGL-048-01,27,B+
13S,ENGL-063-14,11,A-
13S,ENGL-067-16,14,A /A-
13S,ENGL-067-17,34,A-
13S,ENGL-067-18,13,A-
13S,ENGL-070-14,12,A-
13S,ENGL-072-11,10,A-
13S,ENGL-072-15,12,A
13S,ENGL-080-01,11,A
13S,ENGL-080-02,11,A-
13S,ENGL-081-01,12,A-
13S,ENGL-082-01,12,A
13S,ENGL-083-01,11,A-
13S,ENGL-089-01,16,A-
13S,ENGS-005-01,80,B+
13S,ENGS-006-01,28,B+
13S,ENGS-007-01,16,A-
13S,ENGS-012-01,18,A /A-
13S,ENGS-020-01,51,A-
13S,ENGS-021-01,53,A-
13S,ENGS-022-01,30,B+
13S,ENGS-023-01,15,B
13S,ENGS-024-01,32,A-
13S,ENGS-025-01,58,B
13S,ENGS-030-01,26,A
13S,ENGS-031-01,37,A-
13S,ENGS-044-01,21,A-
13S,ENGS-056-01,20,B+
13S,ENGS-069-01,40,A
13S,ENGS-071-01,44,A-
13S,ENGS-088-01,10,A
13S,ENGS-093-01,26,B+
13S,ENGS-146-01,16,B+/B
13S,ENVS-003-01,72,B+
13S,ENVS-007-01,16,A-
13S,ENVS-015-01,78,A-
13S,ENVS-019-01,11,A
13S,ENVS-028-01,43,B
13S,ENVS-030-01,16,B+
13S,ENVS-050-01,21,B+
13S,ENVS-056-01,20,A-
13S,ENVS-080-02,12,A
13S,ENVS-083-01,10,A-/B+
13S,FILM-007-01,16,B+
13S,FILM-022-01,21,B+
13S,FILM-034-01,13,A-
13S,FILM-042-01,15,A-
13S,FILM-047-02,24,A-
13S,FILM-047-03,11,A
13S,FILM-051-01,15,A
13S,FREN-001-01,13,A-
13S,FREN-002-01,20,A-/B+
13S,FREN-002-02,16,A-
13S,FREN-003-01,11,A
13S,FREN-003-02,16,A
13S,FREN-003-03,10,A-
13S,FREN-007-01,16,A
13S,FREN-008-01,23,A
13S,FREN-008-90,10,A
13S,FREN-010-90,10,A-
13S,FREN-012-90,10,A
13S,FREN-022-01,20,A
13S,FREN-029-90,13,A-
13S,FREN-030-90,13,A-
13S,FREN-031-90,13,A-
13S,FREN-035-01,12,B+
13S,FRIT-035-01,16,A-
13S,GEOG-002-01,31,A-
13S,GEOG-003-01,21,B+
13S,GEOG-007-01,15,A
13S,GEOG-011-01,27,A
13S,GEOG-013-01,15,A-
13S,GEOG-015-01,38,A-
13S,GEOG-016-01,10,A-
13S,GEOG-025-01,42,A-
13S,GEOG-035-01,25,A-
13S,GEOG-047-90,15,A-
13S,GEOG-050-01,27,A
13S,GEOG-056-01,16,A /A-
13S,GEOG-064-01,17,A-
13S,GEOG-081-90,15,A-
13S,GEOG-082-90,15,A
13S,GERM-002-01,13,B+
13S,GERM-003-01,12,A
13S,GERM-013-01,57,B
13S,GOVT-004-01,50,A-
13S,GOVT-005-01,69,B
13S,GOVT-005-02,69,B
13S,GOVT-005-03,24,B+
13S,GOVT-006-01,53,A-
13S,GOVT-007-01,16,A-
13S,GOVT-010-01,81,B
13S,GOVT-010-02,81,B
13S,GOVT-010-03,34,B+
13S,GOVT-019-01,20,B+
13S,GOVT-030-01,29,B+
13S,GOVT-030-02,16,A-
13S,GOVT-040-01,38,A-
13S,GOVT-049-05,34,A-
13S,GOVT-050-01,31,B+
13S,GOVT-050-03,39,B+
13S,GOVT-050-04,28,A-
13S,GOVT-056-01,23,A-
13S,GOVT-060-01,19,B+
13S,GOVT-060-02,27,A-
13S,GOVT-062-01,32,B+
13S,GOVT-066-03,22,A-
13S,GOVT-067-01,36,A-/B+
13S,GOVT-083-19,13,A-
13S,GOVT-085-01,15,A-
13S,GOVT-085-08,16,A-
13S,GOVT-085-09,11,A
13S,GOVT-086-07,15,A-
13S,GOVT-094-90,14,A-
13S,GOVT-095-90,14,A-
13S,GRK-010-01,10,A
13S,HIST-005-09,10,B+/B
13S,HIST-006-01,18,B+
13S,HIST-006-03,35,A-
13S,HIST-007-01,16,A-
13S,HIST-015-01,56,B+
13S,HIST-020-01,20,A-/B+
13S,HIST-025-03,57,B+
13S,HIST-047-01,16,B+
13S,HIST-050-01,11,A-
13S,HIST-051-01,26,A-/B+
13S,HIST-052-01,33,B+
13S,HIST-056-01,30,B+
13S,HIST-066-01,14,A
13S,HIST-077-01,19,A-
13S,HIST-086-01,18,A-
13S,HIST-094-05,24,B+
13S,HIST-096-01,13,A-
13S,HIST-096-02,13,A-
13S,HIST-096-03,14,A-
13S,HIST-096-04,17,B+
13S,INTS-017-01,24,A-
13S,INTS-017-02,16,A-
13S,INTS-018-01,31,A-
13S,ITAL-001-01,17,A-
13S,ITAL-002-02,10,A-
13S,ITAL-003-01,13,A-
13S,ITAL-007-01,16,A
13S,ITAL-010-01,19,A-
13S,JAPN-061-01,20,A
13S,JWST-004-01,15,A
13S,JWST-062-01,29,B+
13S,LACS-001-01,10,A-
13S,LACS-030-01,10,A-
13S,LACS-044-01,13,A-
13S,LACS-050-03,17,A-
13S,LACS-053-01,34,A-
13S,LACS-058-01,18,A-
13S,LACS-059-01,18,B+
13S,LAT-003-01,11,A-
13S,LAT-028-01,10,A-
13S,LATS-044-01,11,A-
13S,LING-001-01,76,A-
13S,LING-007-01,10,A
13S,LING-011-01,12,B+
13S,LING-017-01,30,A
13S,LING-023-01,17,A-
13S,M&SS-015-01,14,A
13S,M&SS-045-01,12,A
13S,MATH-007-01,16,B+
13S,MATH-008-01,48,B
13S,MATH-008-02,48,B
13S,MATH-010-01,46,B+
13S,MATH-010-02,46,B+
13S,MATH-013-01,50,B+
13S,MATH-013-02,50,B+
13S,MATH-017-01,18,A-
13S,MATH-020-01,20,A-
13S,MATH-022-01,75,A
13S,MATH-023-01,41,B+
13S,MATH-023-02,41,B+
13S,MATH-024-01,13,A
13S,MATH-038-01,11,A-
13S,MATH-043-01,28,B+
13S,MATH-046-01,18,A-
13S,MUS-001-01,18,A
13S,MUS-003-01,25,A-
13S,MUS-006-01,17,A-
13S,MUS-007-01,16,A-
13S,MUS-009-01,19,A-
13S,MUS-016-01,11,A-
13S,MUS-020-01,20,B
13S,MUS-022-01,12,A-
13S,MUS-040-01,22,A
13S,MUS-051-01,36,A
13S,NAS-007-01,15,A-
13S,NAS-008-01,38,A
13S,NAS-015-01,56,B+
13S,NAS-019-01,11,A
13S,NAS-035-01,50,A-
13S,NAS-043-01,16,B+
13S,PBPL-010-01,11,A-
13S,PBPL-026-01,39,B+
13S,PBPL-041-01,20,A
13S,PHIL-001-01,22,B+
13S,PHIL-006-01,12,A /A-
13S,PHIL-007-01,14,A-
13S,PHIL-022-01,32,A-
13S,PHIL-024-01,22,A-
13S,PHIL-026-01,48,A-
13S,PHIL-034-01,21,A-
13S,PHIL-050-01,12,B+
13S,PHYS-001-01,50,B+
13S,PHYS-002-01,50,B+
13S,PHYS-004-01,49,A-
13S,PHYS-007-01,16,A
13S,PHYS-014-01,106,B
13S,PHYS-014-02,106,B
13S,PHYS-024-01,11,A-
13S,PHYS-030-01,26,A
13S,PHYS-044-01,15,A-
13S,PHYS-072-01,10,A /A-
13S,PORT-001-01,19,A-
13S,PORT-020-01,10,A
13S,PSYC-001-01,99,B+
13S,PSYC-007-01,15,A
13S,PSYC-010-01,77,B+
13S,PSYC-011-01,36,B+
13S,PSYC-021-01,39,B+
13S,PSYC-023-01,73,B+
13S,PSYC-028-01,142,A-
13S,PSYC-046-01,39,B
13S,PSYC-051-01,21,A-
13S,PSYC-051-02,19,A-
13S,PSYC-052-01,33,A-
13S,PSYC-053-01,34,A-
13S,PSYC-065-01,27,B
13S,PSYC-083-01,14,A /A-
13S,REL-004-01,15,A
13S,REL-018-01,49,A-
13S,REL-020-02,30,A-
13S,REL-023-01,29,B+
13S,REL-026-01,10,A-/B+
13S,REL-030-01,28,B+
13S,REL-031-01,17,A-
13S,REL-038-01,26,A-
13S,REL-040-01,28,A-
13S,REL-061-01,26,A-/B+
13S,RUSS-003-01,12,A-
13S,RUSS-013-01,46,A-
13S,SART-015-01,13,A
13S,SART-015-02,14,A
13S,SART-015-03,17,A-
13S,SART-016-01,14,A
13S,SART-020-01,13,A-
13S,SART-025-01,14,A
13S,SART-029-01,14,A-
13S,SART-065-01,10,A /A-
13S,SART-077-01,12,A
13S,SART-077-02,12,A-
13S,SOCY-001-01,66,A
13S,SOCY-007-01,16,B+
13S,SOCY-007-02,11,B+
13S,SOCY-016-01,33,A
13S,SOCY-027-01,36,A-
13S,SOCY-028-01,52,B+
13S,SOCY-031-01,30,A-
13S,SOCY-049-10,23,A-
13S,SOCY-051-01,52,B
13S,SOCY-079-05,23,B+
13S,SPAN-001-01,16,A-
13S,SPAN-001-02,18,A /A-
13S,SPAN-002-01,18,B+
13S,SPAN-002-02,18,A-
13S,SPAN-002-03,18,A-
13S,SPAN-003-01,13,B+
13S,SPAN-003-02,16,A-
13S,SPAN-003-03,18,A-
13S,SPAN-003-04,18,A-
13S,SPAN-003-05,17,A-
13S,SPAN-003-06,17,A-
13S,SPAN-003-90,11,A
13S,SPAN-003-91,10,A-
13S,SPAN-005-90,11,A-
13S,SPAN-005-91,10,A-
13S,SPAN-006-90,11,A-
13S,SPAN-006-91,10,A-
13S,SPAN-009-01,18,A /A-
13S,SPAN-009-02,17,A-
13S,SPAN-020-01,17,A
13S,SPAN-020-02,16,A
13S,SPAN-023-90,17,A
13S,SPAN-030-01,17,A-
13S,SPAN-033-90,17,A
13S,SPAN-035-90,17,A
13S,SPAN-065-01,14,A /A-
13S,SPAN-065-02,12,A
13S,SPAN-080-01,11,A
13S,SPEE-020-01,14,A /A-
13S,SPEE-020-02,14,A-
13S,SPEE-030-01,14,A /A-
13S,SSOC-001-01,31,B+
13S,THEA-007-01,16,A-
13S,THEA-007-02,16,A-
13S,THEA-010-01,14,A-
13S,THEA-010-04,12,A-/B+
13S,THEA-010-05,17,A
13S,THEA-017-01,10,A-
13S,THEA-024-01,14,A
13S,THEA-030-01,16,A-
13S,THEA-050-01,10,A-
13S,TUCK-003-01,131,A-
13S,TUCK-003-02,131,A-
13S,WGST-007-01,16,A
13S,WGST-016-01,30,A
13S,WGST-016-02,25,A
13S,WGST-034-04,23,A-
13S,WGST-034-05,11,A
13S,WGST-043-02,17,A-
13S,WGST-046-01,32,A-
13S,WGST-047-06,10,A-
13S,WGST-052-01,11,A-
13S,WGST-052-03,23,A
13S,WGST-059-03,14,A-
13S,WGST-061-05,29,A
13S,WPS-001-01,31,B+
13S,WRIT-007-01,10,A /A-
13S,WRIT-011-01,16,A
13S,WRIT-041-01,20,A
13S,WRIT-042-01,11,A
13S,WRIT-043-01,27,A-
13X,AAAS-012-01,18,A
13X,AAAS-033-01,11,B+
13X,AMES-008-01,36,B+
13X,ANTH-003-01,33,B+
13X,ANTH-055-01,28,A-
13X,ARTH-016-01,45,B+
13X,ASTR-001-01,43,A-
13X,ASTR-002-01,67,A
13X,ASTR-003-01,112,A-
13X,BIOL-013-01,86,B
13X,BIOL-014-01,79,B
13X,CHEM-052-01,76,B
13X,CHIN-011-90,20,A-
13X,CHIN-022-90,10,A-
13X,CHIN-023-90,10,A /A-
13X,CHIN-031-90,10,A
13X,CHIN-032-90,10,A
13X,CLST-004-01,138,A-
13X,COLT-010-01,18,A-
13X,COLT-062-01,11,A-
13X,COLT-067-01,18,A-
13X,COLT-067-02,17,A
13X,COSC-051-01,39,B+
13X,COSC-056-01,53,B+
13X,EARS-005-01,64,B+
13X,EARS-040-01,18,A-
13X,ECON-020-01,62,B+
13X,ECON-020-02,62,B+
13X,ECON-022-01,35,B+
13X,ECON-022-02,35,B+
13X,ECON-026-01,70,B+
13X,ECON-026-02,70,B+
13X,ENGL-015-01,54,B+
13X,ENGL-035-01,16,A-/B+
13X,ENGL-052-13,23,A-
13X,ENGL-080-01,12,A /A-
13X,ENGS-003-01,49,A-
13X,ENGS-003-02,36,A-
13X,ENGS-022-01,23,B
13X,ENGS-025-01,34,B+
13X,ENGS-031-01,53,B+
13X,ENGS-033-01,24,B+/B
13X,ENVS-025-01,38,A-
13X,ENVS-039-01,23,A-
13X,ENVS-080-05,18,A-/B+
13X,FILM-023-01,20,B+
13X,FILM-031-01,14,A
13X,FILM-041-01,11,A-
13X,FILM-047-01,18,A-
13X,FILM-047-02,17,A
13X,FILM-048-01,11,A
13X,FREN-040-01,15,A
13X,GEOG-025-01,41,A-
13X,GEOG-043-01,31,A
13X,GERM-003-90,17,A-
13X,GERM-005-90,17,A
13X,GERM-006-90,17,A
13X,GERM-044-01,12,A
13X,GOVT-006-01,12,A-
13X,GOVT-020-01,31,A-
13X,GOVT-040-01,31,B+
13X,GOVT-040-02,20,A-
13X,GOVT-041-01,33,A-
13X,HIST-006-01,12,A
13X,HIST-016-01,18,A
13X,HIST-023-01,36,A-
13X,HIST-025-01,11,A
13X,HIST-044-01,10,A-
13X,HIST-094-09,62,A
13X,JWST-011-01,62,A
13X,JWST-034-01,12,A
13X,LATS-005-01,17,A-
13X,LING-011-01,20,A-
13X,MATH-020-01,22,A-
13X,MATH-022-01,42,A
13X,MATH-031-01,19,A-
13X,MUS-001-01,16,A
13X,PBPL-040-01,33,B+
13X,PHIL-002-01,23,A-
13X,PHIL-009-01,58,A-
13X,PHIL-050-01,10,A-/B+
13X,PHYS-003-01,51,A-
13X,PORT-003-90,17,A-
13X,PORT-005-90,17,A
13X,PORT-006-90,17,A
13X,PSYC-010-01,39,B+
13X,PSYC-011-01,35,B
13X,PSYC-025-01,137,B+
13X,PSYC-054-01,12,A
13X,REL-002-01,15,A-
13X,REL-008-01,36,B+
13X,RUSS-021-90,11,A-
13X,RUSS-022-90,11,B+
13X,RUSS-023-90,11,A-
13X,SART-015-02,12,A-
13X,SART-017-02,11,A
13X,SOCY-001-01,67,A-
13X,SOCY-022-01,23,B+
13X,SOCY-044-01,17,A-
13X,SOCY-049-08,36,A-
13X,SPAN-003-01,18,B+/B
13X,SPAN-009-01,10,A
13X,SPAN-077-01,14,A-
13X,THEA-065-01,14,A
13X,WGST-010-01,27,A
13X,WGST-056-09,18,A-
13X,WGST-056-10,17,A
13F,AAAS-034-01,13,B+
13F,AAAS-080-03,11,A-
13F,AAAS-083-05,18,A
13F,AAAS-088-05,12,A-
13F,AMES-011-01,33,A-
13F,AMES-030-01,30,A-
13F,AMES-040-01,20,A
13F,AMES-040-02,29,A-
13F,ANTH-001-01,63,B
13F,ANTH-004-01,24,B+
13F,ANTH-006-01,104,B+
13F,ANTH-008-01,21,A-
13F,ANTH-012-03,30,A-
13F,ANTH-016-01,13,A-
13F,ANTH-017-01,28,A
13F,ANTH-022-01,19,A-
13F,ANTH-031-01,24,A
13F,ANTH-041-01,11,A
13F,ANTH-050-04,12,A-
13F,ANTH-073-01,16,A-
13F,ARAB-001-02,13,A
13F,ARAB-001-03,16,A
13F,ARAB-021-01,12,A-
13F,ARTH-001-01,40,B+
13F,ARTH-016-01,12,A-
13F,ARTH-017-01,15,A-
13F,ARTH-021-01,31,A-
13F,ARTH-049-01,29,A-
13F,ASTR-002-01,43,B+
13F,ASTR-003-01,43,B+
13F,BIOL-002-01,71,B+
13F,BIOL-008-01,39,B
13F,BIOL-011-01,105,B
13F,BIOL-012-01,56,B
13F,BIOL-012-02,50,B
13F,BIOL-016-01,16,B
13F,BIOL-024-01,20,B
13F,BIOL-034-01,16,A-
13F,BIOL-040-01,64,B
13F,BIOL-046-01,29,B+
13F,BIOL-069-01,11,A-
13F,BIOL-173-01,11,A-
13F,CHEM-002-01,10,B+
13F,CHEM-005-01,56,B-
13F,CHEM-006-01,55,B
13F,CHEM-008-01,39,B
13F,CHEM-010-01,23,A-
13F,CHEM-042-01,13,A-
13F,CHEM-051-01,87,B
13F,CHEM-057-01,18,A-/B+
13F,CHIN-001-02,11,A
13F,CHIN-004-01,17,A-
13F,CHIN-004-02,13,A-
13F,CHIN-004-03,16,A /A-
13F,CHIN-011-90,10,A /A-
13F,CHIN-031-01,13,A-
13F,CHIN-062-01,15,A
13F,CHIN-063-01,16,A-/B+
13F,CHIN-082-01,12,A
13F,CLST-005-01,15,A
13F,CLST-006-01,14,A-
13F,CLST-030-90,13,A-
13F,CLST-030-91,13,A-
13F,CLST-031-90,13,A
13F,COGS-011-01,22,A-/B+
13F,COLT-001-01,50,A-
13F,COLT-039-01,40,A
13F,COLT-040-01,12,A-
13F,COLT-040-02,20,A
13F,COLT-049-01,27,A
13F,COLT-066-01,22,A
13F,COSC-001-01,141,B+
13F,COSC-010-01,109,A-
13F,COSC-016-01,28,A-
13F,COSC-022-01,19,A
13F,COSC-030-01,59,B
13F,COSC-031-01,32,B+
13F,COSC-055-01,29,A-
13F,COSC-058-01,13,B+
13F,COSC-073-01,31,A
13F,COSC-075-01,14,A /A-
13F,COSC-175-01,14,A /A-
13F,EARS-001-01,29,A-
13F,EARS-006-01,147,A-
13F,EARS-037-01,19,A-
13F,EARS-045-90,11,A-
13F,EARS-046-90,11,A-
13F,EARS-047-90,11,A-
13F,ECON-001-01,92,B+
13F,ECON-001-02,92,B+
13F,ECON-001-03,65,B
13F,ECON-001-04,65,B
13F,ECON-001-05,40,B
13F,ECON-002-01,35,B
13F,ECON-010-01,37,B+
13F,ECON-010-02,37,B+
13F,ECON-020-01,52,B
13F,ECON-020-02,52,B
13F,ECON-020-03,33,B+
13F,ECON-021-01,32,B+
13F,ECON-021-02,32,B+
13F,ECON-021-03,67,B
13F,ECON-021-04,67,B
13F,ECON-022-01,65,B+
13F,ECON-022-02,65,B+
13F,ECON-022-03,50,B
13F,ECON-022-04,50,B
13F,ECON-024-01,65,B+
13F,ECON-024-02,65,B+
13F,ECON-026-01,42,B+
13F,ECON-026-02,42,B+
13F,ECON-027-01,29,B+
13F,ECON-028-01,25,B+
13F,ECON-028-02,25,B+
13F,ECON-029-01,65,B+
13F,ECON-029-02,65,B+
13F,ECON-036-01,31,B+
13F,ECON-036-02,31,B+
13F,ECON-038-01,16,B+
13F,ECON-039-01,69,B+
13F,ECON-039-02,69,B+
13F,ECON-075-01,34,A-/B+
13F,ECON-075-02,34,A-/B+
13F,ECON-078-01,10,A
13F,ECON-080-01,14,A /A-
13F,EDUC-001-01,47,B+
13F,EDUC-015-01,12,A /A-
13F,EDUC-016-01,21,B+
13F,ENGL-011-01,16,B+
13F,ENGL-015-01,49,A
13F,ENGL-023-01,23,A-
13F,ENGL-030-01,13,B+
13F,ENGL-045-01,22,A-
13F,ENGL-047-01,34,B+
13F,ENGL-052-10,44,A
13F,ENGL-053-10,27,B+
13F,ENGL-053-20,48,A-
13F,ENGL-072-12,12,A-
13F,ENGL-080-01,12,A-
13F,ENGL-086-01,12,A
13F,ENGL-090-90,13,A
13F,ENGL-090-91,11,B+
13F,ENGL-091-90,13,A
13F,ENGL-091-91,11,A-
13F,ENGL-092-90,13,A
13F,ENGL-092-91,11,B+
13F,ENGS-004-01,28,A
13F,ENGS-012-01,21,A
13F,ENGS-013-01,37,B+
13F,ENGS-020-01,50,A-
13F,ENGS-021-01,59,A-
13F,ENGS-023-01,54,B+
13F,ENGS-026-01,19,B+
13F,ENGS-027-01,29,A
13F,ENGS-033-01,55,B+
13F,ENGS-035-01,23,A-
13F,ENGS-036-01,12,A-
13F,ENGS-037-01,55,B+
13F,ENGS-076-01,22,B+/B
13F,ENGS-089-01,41,B+
13F,ENGS-160-01,23,A-
13F,ENVS-002-01,91,B+
13F,ENVS-017-01,40,B+
13F,ENVS-018-01,31,A
13F,ENVS-040-90,16,B+
13F,ENVS-042-90,16,B+
13F,ENVS-060-01,30,B+
13F,ENVS-061-01,30,A-
13F,ENVS-084-90,16,A
13F,FILM-002-01,59,B+
13F,FILM-020-01,18,A-
13F,FILM-033-01,14,A-
13F,FILM-042-01,29,A-
13F,FILM-046-01,33,A-
13F,FILM-047-01,39,A
13F,FILM-047-02,15,A-
13F,FREN-001-01,13,A-
13F,FREN-001-02,11,A
13F,FREN-001-03,12,B+
13F,FREN-002-01,17,A
13F,FREN-002-02,17,A-
13F,FREN-002-03,15,A-
13F,FREN-003-02,17,B
13F,FREN-003-03,11,A
13F,FREN-008-01,17,A-
13F,FREN-008-02,18,A-
13F,FREN-010-01,16,A-
13F,FREN-010-02,10,A-
13F,FREN-023-01,10,B+
13F,FREN-029-90,11,A-
13F,FREN-030-90,11,A-
13F,FREN-031-90,11,A
13F,FREN-050-01,11,A-
13F,GEOG-001-01,53,A-
13F,GEOG-003-01,20,B+
13F,GEOG-006-01,40,A-
13F,GEOG-011-01,20,A-
13F,GEOG-018-01,25,A-
13F,GEOG-020-01,33,A-
13F,GEOG-031-01,15,B+
13F,GEOG-041-01,17,A
13F,GEOG-050-01,30,B+
13F,GEOG-090-01,24,A-
13F,GEOG-090-02,25,A-
13F,GERM-001-01,10,A
13F,GERM-10.-01,11,A-
13F,GOVT-003-01,59,B+
13F,GOVT-004-01,48,B+
13F,GOVT-005-01,48,B+
13F,GOVT-005-02,50,B+
13F,GOVT-006-01,39,A-
13F,GOVT-010-01,32,B+
13F,GOVT-010-02,37,B
13F,GOVT-030-01,25,B+
13F,GOVT-030-02,15,A-
13F,GOVT-040-02,19,B+
13F,GOVT-040-03,11,A-
13F,GOVT-050-01,35,B+
13F,GOVT-050-02,33,B+
13F,GOVT-053-01,34,B+
13F,GOVT-057-01,36,B+
13F,GOVT-060-01,38,B+
13F,GOVT-060-03,59,B+
13F,GOVT-066-02,33,B+
13F,GOVT-083-02,13,A-
13F,GOVT-085-01,12,A-
13F,GOVT-085-08,15,A-
13F,GOVT-085-16,15,A-
13F,GOVT-085-18,14,A-
13F,GOVT-085-21,13,A-
13F,GOVT-086-18,13,A-
13F,GOVT-090-90,18,A
13F,GOVT-091-90,18,A-
13F,GOVT-092-90,18,A
13F,HIST-003-01,38,B+
13F,HIST-005-03,19,B+
13F,HIST-005-04,33,A-
13F,HIST-005-05,32,A-
13F,HIST-006-01,31,B+
13F,HIST-008-01,34,A-
13F,HIST-011-01,25,B+
13F,HIST-014-01,67,B+
13F,HIST-021-01,36,B+
13F,HIST-024-01,22,A-
13F,HIST-025-02,28,B+
13F,HIST-032-01,29,A-
13F,HIST-036-01,52,B+
13F,HIST-04.-01,12,A-
13F,HIST-041-90,16,A-
13F,HIST-045-01,36,B+
13F,HIST-050-01,18,B+
13F,HIST-083-01,13,B+
13F,HIST-096-01,12,A-
13F,HIST-096-03,14,A-
13F,HUM-001-02,15,A
13F,HUM-001-03,15,B+
13F,HUM-001-04,16,A-
13F,INTS-016-01,40,A-
13F,ITAL-001-03,14,A /A-
13F,ITAL-003-01,10,A-/B+
13F,ITAL-081-01,12,A /A-
13F,JAPN-001-01,10,A /A-
13F,JAPN-061-01,20,A
13F,JWST-022-01,39,A
13F,JWST-036-01,12,A-
13F,LACS-043-01,19,A-
13F,LACS-050-02,12,A-
13F,LAT-001-01,14,A-
13F,LAT-001-02,16,A
13F,LAT-001-03,15,A
13F,LAT-022-01,12,A
13F,LING-001-01,60,A-
13F,LING-011-01,16,A-/B+
13F,LING-018-01,34,B+
13F,LING-022-01,20,A-/B+
13F,LING-035-01,13,A-
13F,LING-050-01,31,A
13F,M&SS-015-01,12,A
13F,M&SS-036-01,15,B+
13F,MATH-001-01,28,B+
13F,MATH-001-02,28,B+
13F,MATH-003-01,200,B /B-
13F,MATH-003-02,200,B /B-
13F,MATH-003-03,200,B /B-
13F,MATH-003-04,200,B /B-
13F,MATH-005-01,17,A-
13F,MATH-008-01,121,B
13F,MATH-008-02,121,B
13F,MATH-008-03,121,B
13F,MATH-011-01,164,B+
13F,MATH-011-02,164,B+
13F,MATH-011-03,164,B+
13F,MATH-011-04,164,B+
13F,MATH-013-01,36,B
13F,MATH-017-01,10,A /A-
13F,MATH-020-01,13,A-
13F,MATH-022-01,55,A-
13F,MATH-023-01,55,A-
13F,MATH-023-02,55,A-
13F,MATH-031-01,28,B+
13F,MATH-036-01,15,B+
13F,MATH-071-01,11,A-
13F,MATH-086-01,16,A
13F,MUS-001-01,16,A-
13F,MUS-004-01,30,A-
13F,MUS-009-01,36,A-
13F,MUS-020-01,18,A-
13F,MUS-021-01,16,A-
13F,MUS-051-01,25,A
13F,NAS-010-01,24,B+
13F,NAS-014-01,67,B+
13F,NAS-018-01,31,A
13F,NAS-025-01,22,B+
13F,NAS-030-01,14,A-
13F,NAS-031-01,13,A-
13F,NAS-032-01,48,A-
13F,NAS-036-01,59,B+
13F,NAS-042-01,17,A
13F,PBPL-042-01,38,B+
13F,PBPL-045-01,24,A-
13F,PBPL-052-01,25,B+
13F,PBPL-081-07,13,A-
13F,PBPL-081-09,13,A-
13F,PBPL-085-01,12,A /A-
13F,PHIL-001-01,30,B
13F,PHIL-003-01,51,B+
13F,PHIL-009-01,54,A-
13F,PHIL-011-01,22,B+
13F,PHIL-015-01,10,B+
13F,PHIL-034-01,12,B+
13F,PHIL-037-01,12,A-
13F,PHIL-050-01,22,A-/B+
13F,PHIL-050-02,12,A
13F,PHIL-050-90,12,A /A-
13F,PHYS-003-01,111,A-
13F,PHYS-013-01,83,B+
13F,PHYS-013-02,83,B+
13F,PHYS-015-01,36,A-
13F,PHYS-019-01,20,A-
13F,PHYS-043-01,13,B+
13F,PHYS-047-01,11,A-
13F,PSYC-001-01,144,B
13F,PSYC-006-01,82,B+
13F,PSYC-010-01,55,A-
13F,PSYC-011-01,39,B+
13F,PSYC-024-01,72,B+
13F,PSYC-040-01,28,A-
13F,PSYC-044-01,42,A
13F,PSYC-045-01,34,A-/B+
13F,PSYC-050-01,24,A-
13F,PSYC-050-02,35,B+
13F,PSYC-051-01,37,A-
13F,PSYC-051-02,29,A-
13F,PSYC-053-01,30,A-/B+
13F,PSYC-065-01,35,B
13F,PSYC-065-04,11,B
13F,PSYC-083-01,20,A-
13F,PSYC-086-01,12,A
13F,QBS-175-01,14,A /A-
13F,REL-001-01,35,A-
13F,REL-003-01,18,A-
13F,REL-017-01,18,A
13F,REL-020-03,20,A-
13F,REL-033-01,12,A-
13F,REL-046-01,20,B+
13F,REL-065-01,98,A-
13F,RUSS-001-01,12,A-
13F,RUSS-013-01,45,A
13F,SART-015-01,18,A
13F,SART-015-02,16,A
13F,SART-015-03,18,A-
13F,SART-016-01,10,A-
13F,SART-025-02,11,A
13F,SOCY-001-01,78,B
13F,SOCY-010-01,24,A /A-
13F,SOCY-015-01,26,A-
13F,SOCY-028-01,36,A-/B+
13F,SOCY-035-01,26,A /A-
13F,SOCY-049-14,30,A-
13F,SOCY-079-04,28,A-
13F,SPAN-001-01,19,B+
13F,SPAN-001-02,21,A-
13F,SPAN-001-03,21,A-
13F,SPAN-001-04,22,A
13F,SPAN-002-01,19,A-
13F,SPAN-002-02,20,A-
13F,SPAN-002-03,18,A-
13F,SPAN-002-04,23,A-
13F,SPAN-002-05,15,A
13F,SPAN-003-01,13,A-
13F,SPAN-003-02,20,A-
13F,SPAN-003-03,22,A-
13F,SPAN-003-04,17,A-
13F,SPAN-009-01,18,A /A-
13F,SPAN-009-02,18,A-
13F,SPAN-009-03,13,A-
13F,SPAN-020-01,16,A /A-
13F,SPAN-020-02,13,A-
13F,SPAN-024-90,22,A-
13F,SPAN-032-01,18,A-
13F,SPAN-032-02,15,A-
13F,SPAN-034-90,22,A-
13F,SPAN-036-90,22,A-
13F,SPAN-040-01,14,A
13F,SPEE-020-01,14,A-
13F,SPEE-031-01,14,A-
13F,THEA-001-01,30,A
13F,THEA-015-01,17,A
13F,THEA-026-01,12,A
13F,THEA-030-01,16,A
13F,THEA-030-02,15,A
13F,THEA-040-01,16,A
13F,TUCK-002-01,64,B+
13F,TUCK-002-02,58,B+
13F,WGST-010-01,22,A /A-
13F,WGST-010-02,20,A-
13F,WGST-010-03,20,A /A-
13F,WGST-019-01,34,A
13F,WGST-036-01,24,A
13F,WGST-037-02,17,A
13F,WGST-040-01,17,A
13F,WGST-042-05,30,A-
13F,WGST-047-01,27,B+
13F,WGST-053-02,27,A
13F,WGST-056-01,33,A-
13F,WGST-066-05,11,A-
13F,WGST-080-01,14,A
13F,WRIT-002-01,14,B+
13F,WRIT-002-02,14,B+/B
13F,WRIT-002-03,13,A
13F,WRIT-002-04,15,B+
13F,WRIT-002-05,16,B+
13F,WRIT-002-06,15,A-
13F,WRIT-002-07,14,B+
13F,WRIT-002-08,14,A-
13F,WRIT-005-01,15,A-
13F,WRIT-005-02,16,A
13F,WRIT-005-03,15,A-
13F,WRIT-005-04,16,A /A-
13F,WRIT-005-05,16,A
13F,WRIT-005-06,16,B+
13F,WRIT-005-07,16,B+
13F,WRIT-005-08,16,A-/B+
13F,WRIT-005-09,16,A-
13F,WRIT-005-10,15,A-
13F,WRIT-005-11,16,A-
13F,WRIT-005-12,16,A-
13F,WRIT-005-13,16,A
13F,WRIT-005-14,16,A
13F,WRIT-005-15,15,A
13F,WRIT-005-16,14,A
13F,WRIT-005-17,16,B+
13F,WRIT-005-18,16,B+
13F,WRIT-005-19,16,A-
13F,WRIT-005-20,16,A-
13F,WRIT-005-21,13,B+
13F,WRIT-005-22,16,A-
13F,WRIT-005-23,16,A-/B+
13F,WRIT-005-24,16,A-
13F,WRIT-005-25,16,A-
13F,WRIT-005-26,10,A-/B+
13F,WRIT-005-28,16,B+
13F,WRIT-005-29,16,A-
13F,WRIT-005-30,16,A-
13F,WRIT-005-31,16,B+
13F,WRIT-005-32,16,A-
13F,WRIT-005-33,16,A /A-
13F,WRIT-005-34,16,A-/B+
14W,AAAS-011-01,11,A-
14W,AAAS-024-01,33,B+
14W,AAAS-039-01,43,A-
14W,AAAS-051-01,15,A
14W,AAAS-054-01,16,A-
14W,AAAS-060-01,14,A-
14W,AAAS-080-01,17,B+
14W,AAAS-086-01,16,A-
14W,AAAS-086-02,10,A
14W,AMEL-007-01,16,A-
14W,AMES-010-01,52,B+
14W,AMES-021-03,16,A-
14W,AMES-021-04,13,A-
14W,AMES-021-06,11,A-
14W,AMES-025-01,17,A
14W,AMES-041-02,54,A
14W,AMES-045-01,27,A-
14W,AMES-091-01,13,A-
14W,ANTH-003-01,50,A-
14W,ANTH-007-01,15,A-
14W,ANTH-012-05,54,A
14W,ANTH-034-01,25,A-
14W,ANTH-049-01,11,B+
14W,ANTH-051-90,19,B+
14W,ANTH-052-90,14,A-
14W,ANTH-054-90,13,A-
14W,ANTH-059-01,12,A
14W,ANTH-075-01,17,A
14W,ARAB-002-01,17,A
14W,ARAB-002-02,18,A /A-
14W,ARAB-022-01,12,A /A-
14W,ARAB-061-01,11,A
14W,ARTH-002-01,30,A-
14W,ARTH-007-01,16,A
14W,ARTH-020-01,25,B+
14W,ARTH-061-01,11,A-
14W,ARTH-067-01,14,A-
14W,BIOL-007-01,16,A-
14W,BIOL-009-01,34,B
14W,BIOL-011-01,21,B+
14W,BIOL-013-01,126,B
14W,BIOL-015-01,34,B
14W,BIOL-029-01,35,B+
14W,BIOL-030-01,29,B+
14W,BIOL-039-01,13,A-
14W,BIOL-042-01,22,A-/B+
14W,BIOL-045-01,15,B+
14W,BIOL-055-90,14,A-
14W,BIOL-056-90,14,A-
14W,BIOL-057-90,14,A-
14W,BIOL-066-01,19,A-
14W,BIOL-078-01,25,A-
14W,BIOL-097-01,11,A
14W,BIOL-128-01,35,B+
14W,BIOL-139-01,13,A-
14W,BIOL-166-01,19,A-
14W,CHEM-005-01,85,B
14W,CHEM-005-02,98,B
14W,CHEM-007-01,16,A
14W,CHEM-009-01,34,B
14W,CHEM-052-01,78,B
14W,CHEM-058-01,17,A-
14W,CHEM-064-01,34,B+
14W,CHEM-075-01,13,A-
14W,CHIN-002-01,11,A-
14W,CHIN-002-02,11,A-
14W,CHIN-022-01,13,A-
14W,CHIN-022-02,18,A /A-
14W,CHIN-063-01,10,A
14W,CLST-001-01,133,A-
14W,CLST-011-01,19,B+
14W,CLST-011-02,12,B+
14W,CLST-012-01,54,A
14W,CLST-014-01,17,A-
14W,COCO-003-01,12,B+/B
14W,COCO-008-01,20,A-
14W,COCO-012-01,24,A-/B+
14W,COLT-007-01,16,B+
14W,COLT-040-01,12,A-
14W,COLT-051-01,15,A
14W,COLT-067-02,10,A
14W,COLT-073-01,11,A
14W,COSC-002-01,22,A
14W,COSC-010-01,93,A-
14W,COSC-024-01,14,A-/B+
14W,COSC-024-02,17,A-
14W,COSC-030-01,35,B
14W,COSC-050-01,52,B+
14W,COSC-069-02,13,B+
14W,COSC-074-01,24,B
14W,COSC-076-01,61,A-
14W,COSC-098-01,33,A
14W,COSC-099-01,14,A
14W,COSC-169-02,13,B+
14W,COSC-174-01,24,B
14W,EARS-002-01,144,A-
14W,EARS-007-01,16,B
14W,EARS-009-01,57,B+
14W,EARS-015-01,14,A-
14W,EARS-065-01,25,A
14W,EARS-165-01,25,A
14W,ECON-001-01,21,B
14W,ECON-001-02,81,B
14W,ECON-001-03,81,B
14W,ECON-001-04,78,B
14W,ECON-001-05,78,B
14W,ECON-010-01,58,B
14W,ECON-010-02,58,B
14W,ECON-020-01,47,B+
14W,ECON-020-02,47,B+
14W,ECON-021-01,23,B
14W,ECON-021-02,23,B
14W,ECON-021-03,52,B+
14W,ECON-021-04,52,B+
14W,ECON-022-01,30,B
14W,ECON-022-02,67,B+
14W,ECON-022-03,67,B+
14W,ECON-025-01,57,B+
14W,ECON-025-02,57,B+
14W,ECON-026-01,50,A-/B+
14W,ECON-026-02,50,A-/B+
14W,ECON-028-01,37,B+
14W,ECON-029-01,61,B+
14W,ECON-029-02,61,B+
14W,ECON-036-01,42,A-
14W,ECON-036-02,42,A-
14W,ECON-039-01,51,B+
14W,ECON-039-02,51,B+
14W,ECON-044-01,28,A-
14W,ECON-044-02,28,A-
14W,ECON-046-01,25,A-
14W,ECON-046-02,25,A-
14W,ECON-046-03,25,A-
14W,ECON-048-01,13,A
14W,ECON-048-02,13,A
14W,ECON-049-01,24,A-
14W,ECON-049-02,24,A-
14W,ECON-076-01,12,A /A-
14W,EDUC-056-01,15,A-
14W,EDUC-058-01,19,B+
14W,EDUC-060-01,23,A
14W,EDUC-064-01,13,B+
14W,ENGL-007-01,16,A /A-
14W,ENGL-007-02,16,B+
14W,ENGL-007-03,16,A
14W,ENGL-007-04,16,A-
14W,ENGL-013-01,11,A-
14W,ENGL-014-01,10,A-/B+
14W,ENGL-020-01,22,A-
14W,ENGL-026-01,17,A-
14W,ENGL-028-01,38,A-
14W,ENGL-036-01,45,A-
14W,ENGL-053-16,15,A
14W,ENGL-053-17,46,A-
14W,ENGL-054-12,14,A-
14W,ENGL-054-15,12,A-
14W,ENGL-054-16,24,A-
14W,ENGL-055-14,40,A-
14W,ENGL-080-01,12,A-
14W,ENGL-080-02,11,A
14W,ENGL-083-01,12,A-
14W,ENGS-002-01,49,A
14W,ENGS-007-01,14,A-
14W,ENGS-012-01,23,A
14W,ENGS-014-01,42,B+/B
14W,ENGS-018-01,11,A-
14W,ENGS-020-01,37,B+
14W,ENGS-021-01,64,A-
14W,ENGS-022-01,69,B+
14W,ENGS-023-01,19,B+
14W,ENGS-024-01,21,B
14W,ENGS-032-01,16,A-
14W,ENGS-034-01,23,B+
14W,ENGS-062-01,16,A-
14W,ENGS-066-01,35,B
14W,ENGS-075-01,18,A /A-
14W,ENGS-087-01,10,A /A-
14W,ENGS-090-01,37,B+
14W,ENGS-093-01,33,A-
14W,ENVS-007-01,16,A-/B+
14W,ENVS-007-02,16,A-
14W,ENVS-011-01,30,A-
14W,ENVS-020-01,29,B
14W,ENVS-044-01,19,A-
14W,ENVS-055-01,49,B+
14W,ENVS-065-01,19,A-
14W,FILM-007-01,14,A-
14W,FILM-033-01,10,A-/B+
14W,FILM-040-01,12,B+
14W,FILM-041-01,14,A-
14W,FILM-042-01,10,A
14W,FILM-046-90,15,B+
14W,FILM-047-01,11,A
14W,FILM-047-02,20,A-
14W,FILM-047-90,15,A
14W,FILM-080-90,15,A-
14W,FREN-001-01,14,A /A-
14W,FREN-002-01,16,A-
14W,FREN-002-02,18,A-/B+
14W,FREN-002-03,13,B+
14W,FREN-003-01,13,A-
14W,FREN-003-02,15,A
14W,FREN-007-01,16,A-
14W,FREN-008-01,10,A-
14W,FREN-008-90,11,A-
14W,FREN-010-01,13,A-
14W,FREN-010-90,11,A-
14W,FREN-012-90,11,A-
14W,FREN-024-01,12,A-/B+
14W,FREN-029-90,20,A-
14W,FREN-030-90,20,A
14W,FREN-031-90,20,A-
14W,FREN-053-01,13,A
14W,GEOG-002-01,33,A-
14W,GEOG-006-01,44,A-
14W,GEOG-007-01,15,A-
14W,GEOG-007-02,16,A
14W,GEOG-009-01,41,A-
14W,GEOG-017-01,43,A-
14W,GEOG-022-01,16,A-
14W,GEOG-028-01,35,A-
14W,GEOG-044-01,19,A-
14W,GEOG-051-01,25,A
14W,GEOG-054-01,16,A
14W,GEOG-085-01,11,A
14W,GERM-001-01,12,A-
14W,GERM-007-01,16,A-
14W,GOVT-003-01,48,B+
14W,GOVT-004-01,20,B+
14W,GOVT-005-01,50,B+
14W,GOVT-005-02,32,B+
14W,GOVT-006-01,40,B+
14W,GOVT-007-01,16,A-
14W,GOVT-007-02,15,A-
14W,GOVT-010-02,31,B+
14W,GOVT-019-01,11,A-
14W,GOVT-020-01,34,A-/B+
14W,GOVT-030-01,34,B+
14W,GOVT-035-01,32,B+
14W,GOVT-040-02,11,A-
14W,GOVT-047-01,23,B+
14W,GOVT-050-01,32,B+
14W,GOVT-050-02,31,B+
14W,GOVT-056-01,13,B+
14W,GOVT-058-01,28,A-
14W,GOVT-062-01,30,B+
14W,GOVT-067-01,34,B+
14W,GOVT-083-05,18,A-
14W,GOVT-085-02,14,A /A-
14W,GOVT-085-12,17,A-
14W,GOVT-085-27,15,B+
14W,GOVT-086-03,16,A-
14W,GRK-001-05,14,A /A-
14W,GRK-003-05,13,A
14W,HIST-001-01,29,B+
14W,HIST-005-02,17,A-
14W,HIST-006-02,12,B+
14W,HIST-006-03,12,B+
14W,HIST-006-05,16,A-
14W,HIST-007-01,15,A
14W,HIST-007-02,15,A-
14W,HIST-007-03,14,B+
14W,HIST-009-02,23,A-
14W,HIST-019-01,11,A
14W,HIST-020-01,24,B+
14W,HIST-022-01,17,B+
14W,HIST-026-01,32,B+
14W,HIST-026-02,32,B+
14W,HIST-037-01,33,B+
14W,HIST-038-01,35,B+
14W,HIST-039-01,23,A-
14W,HIST-043-01,20,A-
14W,HIST-06.01-01,13,A-
14W,HIST-065-01,22,B+
14W,HIST-071-01,11,A-
14W,HIST-077-01,19,A-
14W,HIST-079-01,32,A-/B+
14W,HIST-086-01,14,A-
14W,HIST-094-03,17,A-
14W,HIST-096-01,15,A-
14W,HIST-096-02,10,A-
14W,HIST-096-05,11,A-
14W,HUM-002-02,12,A-
14W,INTS-015-01,30,B+
14W,INTS-016-01,44,A-
14W,INTS-018-01,33,A-
14W,ITAL-001-01,18,A
14W,ITAL-001-02,15,A
14W,ITAL-002-01,10,A
14W,ITAL-008-90,10,A-
14W,ITAL-010-90,10,A-
14W,ITAL-012-90,10,A-
14W,JWST-007-01,14,A-/B+
14W,JWST-034-01,12,B+
14W,JWST-057-01,27,A-
14W,JWST-068-01,10,B+
14W,LACS-007-01,15,A-
14W,LACS-054-01,16,A-
14W,LACS-058-01,14,A-
14W,LAT-001-01,10,A-/B+
14W,LAT-001-02,11,A
14W,LAT-003-01,16,B+
14W,LAT-003-02,10,A /A-
14W,LAT-003-03,20,A
14W,LATS-040-01,35,A-
14W,LATS-045-01,25,A-
14W,LING-001-01,54,A-/B+
14W,LING-017-01,30,A-
14W,LING-027-01,21,B
14W,MATH-002-01,22,B
14W,MATH-002-02,22,B
14W,MATH-003-01,61,B+
14W,MATH-003-02,61,B+
14W,MATH-008-01,61,B
14W,MATH-008-02,61,B
14W,MATH-008-03,61,B
14W,MATH-013-01,68,B+
14W,MATH-013-02,68,B+
14W,MATH-013-03,68,B+
14W,MATH-023-01,71,B+
14W,MATH-023-02,71,B+
14W,MATH-024-01,23,A-
14W,MATH-028-01,22,B+
14W,MATH-032-01,11,A
14W,MATH-035-01,26,A-
14W,MATH-050-01,25,A
14W,MATH-063-01,16,A-
14W,MATH-076-01,22,A
14W,MUS-002-01,30,A
14W,MUS-005-01,43,A-
14W,MUS-006-01,18,A /A-
14W,MUS-008-01,22,A
14W,MUS-017-01,20,A-
14W,MUS-022-01,11,A-
14W,MUS-032-01,12,A
14W,MUS-045-01,27,A-
14W,MUS-051-01,26,A
14W,NAS-016-01,23,A-
14W,NAS-022-01,32,A
14W,NAS-034-01,40,A-
14W,NAS-038-01,35,B+
14W,NAS-041-01,11,A-
14W,NAS-081-01,15,A-
14W,PBPL-005-01,93,B+
14W,PBPL-082-01,17,A-
14W,PBPL-091-01,12,A
14W,PHIL-001-01,12,B+
14W,PHIL-006-01,18,B+
14W,PHIL-008-01,36,B+
14W,PHIL-017-01,15,A
14W,PHIL-023-01,10,A-
14W,PHIL-025-01,52,A-
14W,PHIL-080-01,13,A-
14W,PHYS-004-01,109,A-
14W,PHYS-005-01,32,A-
14W,PHYS-007-01,16,A /A-
14W,PHYS-013-01,100,B
14W,PHYS-013-02,100,B
14W,PHYS-014-01,51,A-
14W,PHYS-016-01,29,A-
14W,PHYS-024-01,14,A /A-
14W,PHYS-041-01,15,A-
14W,PHYS-048-01,16,A-
14W,PSYC-001-01,81,B+
14W,PSYC-006-01,111,A
14W,PSYC-007-01,16,A-
14W,PSYC-023-01,99,B+
14W,PSYC-026-01,32,B
14W,PSYC-027-01,23,A
14W,PSYC-043-01,59,A-
14W,PSYC-045-01,35,B+
14W,PSYC-050-01,36,B+
14W,PSYC-050-02,23,B+
14W,PSYC-051-01,11,A
14W,PSYC-054-01,35,A-
14W,PSYC-059-01,32,A-
14W,PSYC-060-01,15,A-
14W,PSYC-080-01,12,A
14W,PSYC-083-01,13,A-
14W,PSYC-083-02,13,A
14W,PSYC-083-03,14,A-/B+
14W,PSYC-086-01,12,A
14W,REL-001-01,43,B+
14W,REL-005-01,20,B+
14W,REL-010-01,52,B+
14W,REL-011-01,51,A-
14W,REL-019-01,18,A
14W,REL-047-01,22,A
14W,REL-063-01,12,A-
14W,RUSS-002-02,10,A-/B+
14W,RUSS-007-01,16,A
14W,RUSS-010-01,71,A
14W,RUSS-038-01,25,A
14W,SART-015-01,16,A
14W,SART-015-02,17,A-
14W,SART-016-02,11,A-
14W,SART-017-01,10,A-
14W,SART-022-01,10,A
14W,SART-025-01,13,A-
14W,SART-029-01,10,A
14W,SART-076-01,12,A-
14W,SART-076-02,13,A
14W,SOCY-002-01,50,A-
14W,SOCY-007-01,16,A-
14W,SOCY-010-01,31,B+
14W,SOCY-030-01,47,B+
14W,SOCY-036-01,25,A-
14W,SOCY-048-01,35,A-
14W,SOCY-049-12,10,B+
14W,SOCY-056-01,17,A-
14W,SOCY-069-01,25,B+
14W,SOCY-091-01,12,B+
14W,SPAN-001-01,15,A-
14W,SPAN-001-02,15,A-
14W,SPAN-002-01,19,A-
14W,SPAN-002-02,19,A-
14W,SPAN-002-03,16,A-
14W,SPAN-002-04,15,A-
14W,SPAN-002-05,18,A-/B+
14W,SPAN-002-06,19,B+
14W,SPAN-003-01,13,A-
14W,SPAN-003-02,17,B+
14W,SPAN-003-03,18,A-
14W,SPAN-003-04,12,A-
14W,SPAN-003-05,14,A-
14W,SPAN-003-90,15,A-
14W,SPAN-003-91,23,A-
14W,SPAN-005-90,15,A-
14W,SPAN-005-91,23,A-
14W,SPAN-006-90,15,A-
14W,SPAN-006-91,23,A-
14W,SPAN-007-01,12,B+
14W,SPAN-009-01,11,A-
14W,SPAN-020-01,10,A-
14W,SPAN-031-02,13,A
14W,SPAN-063-01,22,A-
14W,SPEE-020-01,14,A /A-
14W,SPEE-020-02,14,A-
14W,SSOC-001-01,31,B+
14W,THEA-007-01,16,A /A-
14W,THEA-007-02,16,A
14W,THEA-010-01,17,A
14W,THEA-010-05,17,A
14W,THEA-016-01,16,B+/B
14W,THEA-023-01,16,A-
14W,THEA-030-01,10,A
14W,THEA-030-02,14,A
14W,THEA-031-01,13,A
14W,THEA-031-02,10,A
14W,THEA-040-01,19,A
14W,TUCK-001-01,128,B+
14W,TUCK-001-02,128,B+
14W,WGST-007-01,16,A-
14W,WGST-010-01,22,A /A-
14W,WGST-015-01,19,B+
14W,WGST-031-04,34,A-/B+
14W,WGST-033-08,25,A-
14W,WGST-034-04,17,A-
14W,WGST-056-04,10,A
14W,WGST-059-03,17,A
14W,WPS-001-01,31,B+
14W,WRIT-003-01,15,B+
14W,WRIT-003-02,15,B+
14W,WRIT-003-03,11,A
14W,WRIT-003-04,15,B+
14W,WRIT-003-05,16,B+
14W,WRIT-003-06,15,A-
14W,WRIT-003-07,14,B+
14W,WRIT-003-08,14,A-
14W,WRIT-005-01,16,A
14W,WRIT-005-02,16,A-/B+
14W,WRIT-005-03,16,A
14W,WRIT-005-04,16,A
14W,WRIT-005-05,15,A-
14W,WRIT-005-06,16,A-
14W,WRIT-005-07,16,A-
14W,WRIT-005-08,16,A-
14W,WRIT-005-10,12,B+/B
14W,WRIT-005-11,15,A-
14W,WRIT-005-12,16,A-
14W,WRIT-005-13,16,B+
14W,WRIT-005-14,15,A-
14W,WRIT-005-15,16,A
14W,WRIT-005-16,16,A-
14W,WRIT-005-17,16,A-
14W,WRIT-005-18,16,A
14W,WRIT-005-19,16,A-/B+
14W,WRIT-005-20,16,A-
14W,WRIT-005-21,16,B+
14W,WRIT-005-22,16,A-
14W,WRIT-005-23,14,A-
14W,WRIT-005-24,16,A-/B+
14W,WRIT-005-25,15,A-
14W,WRIT-005-26,16,B+
14W,WRIT-005-27,12,A-/B+
14W,WRIT-005-28,16,A-
14W,WRIT-005-29,16,A
14W,WRIT-005-30,16,A /A-
14S,AAAS-007-01,16,A
14S,AAAS-013-01,16,B+
14S,AAAS-015-01,21,A-
14S,AAAS-040-01,15,A
14S,AAAS-046-01,21,A-
14S,AAAS-83.04-01,15,A-
14S,AAAS-87.05-01,38,A-/B+
14S,AAAS-88.02-01,21,A-
14S,AAAS-88.07-01,11,B+
14S,AMES-004-01,38,A-
14S,AMES-009-01,43,A-
14S,AMES-012-01,38,A-
14S,AMES-013-01,59,B+
14S,AMES-015-01,13,A-
14S,AMES-018-01,25,A
14S,AMES-024-01,21,A
14S,AMES-21.05-01,28,A-
14S,AMES-41.01-01,13,A
14S,AMES-42.05-01,10,A-
14S,ANTH-005-01,25,A-
14S,ANTH-020-01,29,B+
14S,ANTH-024-01,17,A-
14S,ANTH-061-01,37,A
14S,ANTH-12.02-01,11,A
14S,ANTH-12.04-01,27,A
14S,ANTH-50.05-01,14,A
14S,ANTH-50.07-01,10,A-
14S,ARAB-003-01,10,A-
14S,ARAB-003-02,16,A
14S,ARAB-010-01,38,A-
14S,ARAB-023-01,10,A
14S,ARTH-004-01,43,A-
14S,ARTH-007-01,14,A-
14S,ARTH-010-90,16,A-
14S,ARTH-011-90,16,A-
14S,ARTH-012-90,16,A
14S,ARTH-033-01,13,A-
14S,ARTH-035-01,17,A-
14S,ARTH-045-01,13,B+
14S,ARTH-053-01,17,A-
14S,ARTH-064-01,10,A-/B+
14S,ASTR-001-01,70,B+
14S,ASTR-015-01,10,B+
14S,BIOL-007-01,16,A
14S,BIOL-010-01,18,A-
14S,BIOL-011-01,30,B+/B
14S,BIOL-012-01,50,B
14S,BIOL-012-02,52,B
14S,BIOL-016-01,41,B
14S,BIOL-029-01,17,A-
14S,BIOL-032-01,14,A-/B+
14S,BIOL-035-01,38,B+/B
14S,BIOL-037-01,32,A-
14S,BIOL-076-01,19,A
14S,BIOL-099-01,10,A
14S,BIOL-148-01,10,A /A-
14S,BIOL-176-01,19,A
14S,CHEM-006-01,120,B+
14S,CHEM-006-02,72,B
14S,CHEM-041-01,43,B+
14S,CHEM-051-01,56,B
14S,CHEM-076-01,10,A-
14S,CHIN-003-01,12,A
14S,CHIN-010-01,38,A-
14S,CHIN-023-01,12,A-
14S,CHIN-63.01-01,16,A /A-
14S,CLST-002-01,24,A-
14S,CLST-007-01,16,A-
14S,CLST-10.01-01,12,A-/B+
14S,CLST-10.02-01,18,A-
14S,CLST-11.03-01,89,B+
14S,COCO-005-01,89,B+
14S,COCO-006-01,16,A-
14S,COCO-02.01-01,18,A-
14S,COGS-026-01,51,A-
14S,COLT-007-01,16,A-
14S,COLT-007-02,16,A
14S,COLT-49.01-01,12,A
14S,COLT-52.02-01,13,A-
14S,COLT-57.02-01,37,A
14S,COSC-001-01,128,B+
14S,COSC-001-02,108,B+
14S,COSC-007-01,14,A-
14S,COSC-010-01,56,B+
14S,COSC-022-01,19,A-
14S,COSC-027-01,13,A
14S,COSC-028-01,12,A
14S,COSC-029-01,14,A-
14S,COSC-031-01,18,B-
14S,COSC-050-01,63,A-
14S,COSC-051-01,23,B+
14S,COSC-056-01,26,B+
14S,COSC-060-01,24,A-
14S,COSC-065-01,33,B+
14S,COSC-070-01,10,A
14S,COSC-077-01,27,A
14S,COSC-086-01,13,A-
14S,COSC-098-01,21,A
14S,COSC-129-01,14,A-
14S,COSC-165-01,33,B+
14S,COSC-170-01,10,A
14S,COSC-177-01,27,A
14S,COSC-186-01,13,A-
14S,EARS-001-01,44,A-
14S,EARS-003-01,129,A-
14S,EARS-014-01,36,A /A-
14S,EARS-016-01,13,A-
14S,EARS-035-01,13,A-
14S,EARS-070-01,19,A-
14S,ECON-001-01,36,B
14S,ECON-001-02,36,B
14S,ECON-001-03,64,B+
14S,ECON-001-04,64,B+
14S,ECON-002-01,40,B
14S,ECON-010-01,31,B
14S,ECON-010-02,22,B+/B
14S,ECON-020-02,46,B+/B
14S,ECON-020-03,46,B+/B
14S,ECON-021-01,64,B+
14S,ECON-021-02,64,B+
14S,ECON-022-01,67,B
14S,ECON-022-02,67,B
14S,ECON-022-03,51,B+
14S,ECON-022-04,51,B+
14S,ECON-024-01,59,A-
14S,ECON-024-02,59,A-
14S,ECON-026-01,37,B+
14S,ECON-026-02,37,B+
14S,ECON-028-01,35,B+
14S,ECON-029-01,66,A-
14S,ECON-029-02,66,A-
14S,ECON-036-01,71,B+
14S,ECON-036-02,71,B+
14S,ECON-038-01,34,B+
14S,ECON-039-01,54,B+
14S,ECON-039-02,54,B+
14S,ECON-045-01,24,A-
14S,ECON-045-02,24,A-
14S,ECON-046-01,14,A
14S,ECON-046-02,50,A-
14S,ECON-046-03,50,A-
14S,ECON-046-04,50,A-
14S,ECON-049-01,18,A-
14S,ECON-081-01,11,A
14S,EDUC-050-01,19,B
14S,EDUC-062-01,20,B+
14S,EDUC-09.03-01,16,A-
14S,ENGL-003-01,18,B
14S,ENGL-006-01,22,A
14S,ENGL-007-01,14,A /A-
14S,ENGL-007-02,16,A-
14S,ENGL-007-03,16,A-
14S,ENGL-007-04,13,B+
14S,ENGL-010-01,32,A /A-
14S,ENGL-021-01,12,A-
14S,ENGL-029-01,20,A-
14S,ENGL-032-01,50,A-
14S,ENGL-034-01,249,A
14S,ENGL-037-01,30,A-
14S,ENGL-045-01,11,A-
14S,ENGL-080-01,11,A
14S,ENGL-080-02,12,A-
14S,ENGL-083-01,11,A-
14S,ENGL-084-01,10,A-
14S,ENGL-087-01,14,A-
14S,ENGL-53.22-01,25,B+
14S,ENGL-55.01-01,11,B+
14S,ENGL-73.17-01,12,A-
14S,ENGL-73.20-01,15,A-
14S,ENGS-001-01,36,B+
14S,ENGS-005-01,71,B+
14S,ENGS-006-01,30,A-/B+
14S,ENGS-007-01,16,A-
14S,ENGS-008-01,37,A-
14S,ENGS-012-01,22,A
14S,ENGS-020-01,44,A-
14S,ENGS-020-02,34,B+
14S,ENGS-021-01,44,A-
14S,ENGS-022-01,51,B
14S,ENGS-023-01,13,B
14S,ENGS-024-01,62,B+
14S,ENGS-025-01,38,B
14S,ENGS-030-01,32,A
14S,ENGS-031-01,26,B+
14S,ENGS-044-01,17,A
14S,ENGS-056-01,34,B+
14S,ENGS-069-01,33,B+
14S,ENGS-071-01,18,B+
14S,ENGS-088-01,21,A
14S,ENGS-093-01,18,B+
14S,ENGS-146-01,12,A-
14S,ENVS-003-01,46,B+
14S,ENVS-007-01,16,A-
14S,ENVS-007-02,16,A
14S,ENVS-012-01,43,B+
14S,ENVS-015-01,60,A-
14S,ENVS-019-01,10,A
14S,ENVS-028-01,32,B+
14S,ENVS-050-01,18,A-
14S,ENVS-050-02,17,A
14S,ENVS-056-01,18,B+
14S,ENVS-079-01,13,A-
14S,ENVS-80.01-01,10,A /A-
14S,ENVS-80.02-01,13,A
14S,FILM-003-01,24,A /A-
14S,FILM-007-01,16,A
14S,FILM-032-01,13,A
14S,FILM-047-01,12,A /A-
14S,FILM-051-01,12,A
14S,FILM-41.05-01,45,A-
14S,FILM-42.02-01,11,B+
14S,FILM-42.03-01,13,A-
14S,FILM-42.04-01,10,A
14S,FILM-46.03-01,29,A
14S,FREN-003-01,13,A-
14S,FREN-003-02,18,B+
14S,FREN-003-03,17,A-
14S,FREN-008-01,14,A-
14S,FREN-008-90,10,A-
14S,FREN-010-01,10,A /A-
14S,FREN-010-90,10,A-
14S,FREN-012-90,10,A-
14S,FREN-022-01,14,A-
14S,FREN-025-01,21,A-
14S,FREN-029-90,14,A-
14S,FREN-030-90,14,A-
14S,FREN-031-90,14,A-
14S,FREN-060-01,13,A
14S,FRIT-035-01,37,A
14S,GEOG-001-01,50,B+
14S,GEOG-002-01,35,A-
14S,GEOG-005-01,33,B+
14S,GEOG-007-01,16,A
14S,GEOG-015-01,41,A-
14S,GEOG-016-01,21,A-
14S,GEOG-021-01,31,A
14S,GEOG-047-90,15,A
14S,GEOG-050-01,35,B+
14S,GEOG-056-01,19,A-
14S,GEOG-081-90,15,A
14S,GEOG-082-90,15,A-
14S,GERM-002-01,13,A-
14S,GERM-003-01,12,B+
14S,GERM-005-90,11,A-
14S,GERM-006-90,11,A-
14S,GERM-013-01,33,B+
14S,GOVT-004-01,44,B+
14S,GOVT-005-01,48,B+
14S,GOVT-005-02,34,B+
14S,GOVT-006-01,41,B+
14S,GOVT-007-01,15,A-
14S,GOVT-010-01,38,B
14S,GOVT-010-02,43,B+
14S,GOVT-010-03,39,B+
14S,GOVT-018-01,41,B+
14S,GOVT-031-01,43,B+
14S,GOVT-037-01,16,B+
14S,GOVT-042-01,38,A-/B+
14S,GOVT-054-01,42,B+
14S,GOVT-069-01,17,B+
14S,GOVT-094-90,11,A-
14S,GOVT-095-90,11,A-
14S,GOVT-30.04-01,23,B+
14S,GOVT-40.10-01,15,B+
14S,GOVT-49.04-01,39,A-
14S,GOVT-50.01-01,33,B+
14S,GOVT-60.02-01,22,B+
14S,GOVT-60.08-01,10,A-/B+
14S,GOVT-68.01-01,18,B+
14S,GOVT-83.19-01,17,A-
14S,GOVT-84.09-01,12,A
14S,GOVT-85.08-01,16,A-
14S,GOVT-85.10-01,10,A-
14S,GOVT-85.13-01,18,A-
14S,GRK-010-01,14,A /A-
14S,HIST-007-01,16,B+
14S,HIST-007-02,16,A-
14S,HIST-007-03,16,A-/B+
14S,HIST-012-01,38,B+
14S,HIST-015-01,32,A-
14S,HIST-017-01,16,B+
14S,HIST-018-01,11,A-
14S,HIST-023-01,23,A-
14S,HIST-047-01,11,B+
14S,HIST-049-01,18,B+
14S,HIST-056-01,23,B+
14S,HIST-06.01-01,14,A-
14S,HIST-06.02-01,33,B+
14S,HIST-06.03-01,21,A-
14S,HIST-06.04-01,89,B+
14S,HIST-06.06-01,15,A-
14S,HIST-062-01,15,B+
14S,HIST-066-01,21,A-
14S,HIST-067-01,21,A-
14S,HIST-072-01,12,A-
14S,HIST-078-01,28,A-
14S,HIST-081-01,31,B+
14S,HIST-09.03-01,23,A-
14S,HIST-94.01-01,19,A
14S,HIST-94.08-01,17,A
14S,HIST-96.02-01,12,A-/B+
14S,INTS-018-01,35,A-
14S,INTS-17.02-01,37,A
14S,ITAL-003-01,11,B+
14S,ITAL-007-01,16,A
14S,JAPN-010-01,59,B+
14S,JWST-006-01,31,B+
14S,JWST-010-01,17,A
14S,JWST-056-01,15,B+
14S,LACS-052-01,39,A-
14S,LACS-057-01,31,B+
14S,LACS-059-01,15,A-
14S,LACS-30.06-01,13,A-
14S,LACS-50.01-01,11,B+
14S,LAT-003-01,12,A-/B+
14S,LAT-003-02,11,B+
14S,LATS-031-01,18,B+
14S,LATS-041-01,24,A /A-
14S,LING-001-01,53,A-
14S,LING-007-01,15,A-
14S,LING-020-01,32,A-
14S,LING-024-01,20,A
14S,LING-80.01-01,18,A
14S,M&SS-015-01,16,A
14S,MATH-004-01,28,A-
14S,MATH-008-01,24,A-
14S,MATH-008-02,24,A-
14S,MATH-010-01,35,B
14S,MATH-010-02,35,B
14S,MATH-013-01,51,B
14S,MATH-013-02,51,B
14S,MATH-020-01,28,A-/B+
14S,MATH-022-01,127,A-
14S,MATH-022-02,127,A-
14S,MATH-022-03,127,A-
14S,MATH-023-01,26,B+
14S,MATH-023-02,26,B+
14S,MATH-024-01,20,A-
14S,MATH-027-01,28,A-
14S,MATH-038-01,16,B+
14S,MATH-043-01,18,A-/B+
14S,MATH-046-01,11,B
14S,MATH-056-01,10,B+/B
14S,MATH-060-01,49,B+
14S,MATH-070-01,12,A-
14S,MATH-075-01,12,A
14S,MUS-001-01,16,A
14S,MUS-003-01,41,A-
14S,MUS-007-01,16,A
14S,MUS-023-01,11,A
14S,MUS-051-01,37,A
14S,MUS-070-90,12,A-
14S,MUS-071-90,12,A-
14S,MUS-087-90,12,A-
14S,NAS-007-01,16,A-
14S,NAS-008-01,42,A-
14S,NAS-015-01,32,A-
14S,NAS-019-01,10,A
14S,NAS-035-01,50,A-
14S,NAS-039-01,45,A-
14S,NAS-044-01,10,A-/B+
14S,NAS-050-01,17,B+
14S,PBPL-041-01,18,A
14S,PBPL-044-01,16,B+
14S,PBPL-047-01,14,A-
14S,PHIL-001-01,34,B+
14S,PHIL-006-01,15,A-
14S,PHIL-007-01,16,A-/B+
14S,PHIL-016-01,16,A
14S,PHIL-024-01,14,A /A-
14S,PHIL-026-01,51,A-
14S,PHIL-035-01,23,B+
14S,PHIL-09.01-01,53,A-
14S,PHYS-002-01,19,A-
14S,PHYS-004-01,39,B+
14S,PHYS-007-01,16,A-/B+
14S,PHYS-014-01,91,B+
14S,PHYS-014-02,91,B+
14S,PHYS-024-01,12,A-/B+
14S,PHYS-030-01,32,A
14S,PHYS-044-01,14,A-
14S,PHYS-082-01,13,A-
14S,PORT-003-01,12,A-
14S,PSYC-001-01,91,B+
14S,PSYC-007-01,16,A-
14S,PSYC-010-01,72,B+
14S,PSYC-011-01,20,A-
14S,PSYC-021-01,65,B+
14S,PSYC-022-01,73,A-
14S,PSYC-028-01,69,B+
14S,PSYC-046-01,31,B
14S,PSYC-065-01,24,B
14S,PSYC-080-01,11,B+
14S,PSYC-085-01,15,A-
14S,PSYC-50.05-01,33,A
14S,PSYC-51.04-01,15,A-
14S,PSYC-52.01-01,34,A
14S,PSYC-52.02-01,30,B+
14S,PSYC-53.02-01,23,B+
14S,PSYC-53.03-01,27,B+
14S,REL-006-01,31,B+
14S,REL-009-01,43,A-
14S,REL-016-01,13,A-
14S,REL-029-01,18,A-
14S,REL-038-01,43,A-
14S,REL-042-01,24,A-
14S,REL-19.01-01,15,B+
14S,REL-19.03-01,12,A-/B+
14S,REL-32.01-01,28,A-
14S,RUSS-003-01,16,A /A-
14S,RUSS-013-01,55,A-
14S,RUSS-014-01,10,A
14S,RUSS-018-01,17,A
14S,RUSS-11.02-01,23,B+
14S,SART-015-01,15,A
14S,SART-015-02,15,A
14S,SART-015-03,11,A-
14S,SART-016-01,11,A
14S,SART-029-01,12,A-
14S,SART-077-01,12,B+
14S,SART-077-02,13,A
14S,SOCY-001-01,70,A-
14S,SOCY-007-01,16,B+
14S,SOCY-007-02,15,A
14S,SOCY-011-01,26,A-/B+
14S,SOCY-015-01,27,A-
14S,SOCY-031-01,36,B+
14S,SOCY-034-01,38,A
14S,SOCY-045-01,24,A-
14S,SOCY-060-01,14,A-/B+
14S,SOCY-062-01,27,B+
14S,SOCY-091-01,11,B+
14S,SOCY-49.13-01,29,A
14S,SOCY-79.06-01,12,A-
14S,SPAN-001-01,37,A-
14S,SPAN-001-02,37,A-
14S,SPAN-002-01,46,A-
14S,SPAN-002-02,46,A-
14S,SPAN-002-03,46,A-
14S,SPAN-003-01,86,A-
14S,SPAN-003-02,86,A-
14S,SPAN-003-03,86,A-
14S,SPAN-003-04,86,A-
14S,SPAN-003-05,86,A-
14S,SPAN-009-01,35,A
14S,SPAN-009-02,35,A
14S,SPAN-020-01,11,A-
14S,SPAN-020-02,11,A
14S,SPAN-023-90,16,A-
14S,SPAN-030-01,12,A-
14S,SPAN-033-90,16,A
14S,SPAN-035-90,16,A
14S,SPAN-045-01,15,A-
14S,SPAN-070-01,18,A-
14S,SPEE-020-01,13,A-
14S,SPEE-020-02,14,A /A-
14S,SPEE-025-01,14,A-
14S,SPEE-027-01,11,A
14S,THEA-007-01,16,A-
14S,THEA-007-02,16,A-
14S,THEA-024-01,21,A
14S,THEA-030-01,13,A
14S,THEA-036-01,16,A
14S,THEA-043-01,10,A
14S,THEA-048-01,13,A
14S,THEA-10.01-01,10,A
14S,THEA-10.03-01,17,A
14S,THEA-10.04-01,14,A
14S,THEA-10.05-01,24,A-
14S,TUCK-003-01,125,A-
14S,TUCK-003-02,125,A-
14S,WGST-007-01,16,A
14S,WGST-007-02,16,A
14S,WGST-016-01,31,A-
14S,WGST-096-01,10,A
14S,WGST-32.01-01,18,B+
14S,WGST-32.02-01,39,A-
14S,WGST-33.07-01,27,B+
14S,WGST-34.02-01,15,A
14S,WGST-38.02-01,21,A-
14S,WGST-43.04-01,24,A-
14S,WGST-44.02-01,15,B+
14S,WGST-47.03-01,11,B+
14S,WGST-52.03-01,13,A
14S,WGST-61.04-04,37,A
14S,WRIT-005-01,13,A-
14S,WRIT-007-01,13,A-
14S,WRIT-007-03,15,A-
14S,WRIT-041-01,18,A
14S,WRIT-043-01,20,A
14X,AAAS-014-01,18,B+
14X,AAAS-046-01,13,B+
14X,AAAS-81.04-01,11,A
14X,AMES-008-01,32,A-
14X,ANTH-003-01,48,A
14X,ANTH-006-01,33,B
14X,ARTH-013-01,13,A-
14X,ARTH-059-01,24,A-/B+
14X,ASTR-001-01,60,A-
14X,ASTR-002-01,81,A
14X,ASTR-003-01,46,A-
14X,BIOL-013-01,80,B
14X,BIOL-030-01,55,B
14X,BIOL-045-01,12,A-
14X,CHEM-052-01,46,B
14X,CHEM-063-01,18,B
14X,CLST-004-01,89,B
14X,COLT-10.02-01,33,A-
14X,COLT-62.01-01,13,A-
14X,COSC-051-01,47,A-
14X,COSC-056-01,54,A-
14X,EARS-005-01,65,B+
14X,EARS-040-01,19,A-
14X,ECON-020-01,65,B
14X,ECON-020-02,65,B
14X,ECON-022-01,37,B+
14X,ECON-022-02,37,B+
14X,ECON-026-01,60,B+
14X,ECON-026-02,60,B+
14X,ECON-077-01,27,B+
14X,EDUC-020-01,13,B+
14X,ENGL-015-01,42,A
14X,ENGL-036-01,44,A-
14X,ENGL-080-01,12,A-
14X,ENGS-003-01,50,A-
14X,ENGS-003-02,52,B+
14X,ENGS-010-01,38,A
14X,ENGS-022-01,22,B+
14X,ENGS-025-01,63,A
14X,ENGS-031-01,54,A-
14X,ENGS-033-01,39,B
14X,ENVS-025-01,38,B+
14X,ENVS-039-01,23,A-
14X,FILM-036-01,16,A
14X,FILM-042-01,14,A /A-
14X,FILM-36.02-90,10,A
14X,FILM-39.02-90,10,A
14X,FILM-42.05-01,13,A-
14X,FILM-47.16-90,10,A
14X,FREN-003-01,12,A-
14X,GEOG-022-01,26,B
14X,GEOG-024-01,19,B+
14X,GEOG-026-01,23,A-
14X,GERM-003-90,11,A-
14X,GERM-005-90,12,A-
14X,GERM-006-90,12,A-
14X,GERM-43.03-01,13,A-
14X,GERM-44.02-01,34,A-
14X,GOVT-005-01,16,B+
14X,GOVT-062-01,33,B+
14X,GOVT-067-01,30,B+
14X,GOVT-20.02-01,33,B+
14X,GOVT-84.16-01,11,B+
14X,GRK-30.03-01,11,A
14X,HIST-001-01,29,B+
14X,HIST-012-01,23,B+
14X,HIST-023-01,32,A-
14X,HIST-05.01-01,18,B+
14X,HIST-06.11-01,34,A-
14X,HIST-067-01,13,B+
14X,HIST-94.09-01,40,A
14X,JWST-011-01,40,A
14X,JWST-34.02-01,34,A-
14X,LAT-30.02-01,11,A
14X,LATS-005-01,11,A-
14X,LING-001-01,22,A-
14X,MATH-020-01,18,B+/B
14X,MATH-022-01,61,B+
14X,MATH-031-01,38,B+
14X,MUS-001-01,22,B+
14X,PBPL-040-01,31,B+
14X,PBPL-043-01,27,B+
14X,PHIL-09.01-01,50,A-
14X,PHIL-50.05-01,23,B+
14X,PHYS-003-01,47,A-
14X,PHYS-042-01,14,A /A-
14X,PORT-009-90,10,A-
14X,PORT-010-90,10,A /A-
14X,PORT-012-90,10,A-/B+
14X,PSYC-010-01,30,A-/B+
14X,PSYC-011-01,20,B+
14X,PSYC-025-01,81,B+
14X,PSYC-54.01-01,15,A
14X,REL-002-01,18,A-
14X,REL-008-01,32,A-
14X,REL-74.04-01,11,A
14X,RUSS-036-01,15,A-
14X,RUSS-38.04-01,13,A-
14X,SART-015-01,10,A-
14X,SART-015-02,12,A-
14X,SOCY-001-01,68,A-
14X,SOCY-022-01,27,B+
14X,SOCY-025-01,19,B+
14X,SOCY-044-01,11,A-
14X,SOCY-49.16-01,18,A-
14X,SOCY-49.21-01,11,A
14X,SPAN-003-01,15,A-
14X,SPAN-020-90,17,A
14X,SPAN-022-90,17,A
14X,SPAN-032-90,17,A-
14X,SPAN-73.02-01,13,A-
14X,THEA-062-90,10,A
14X,THEA-065-01,11,A
14X,WGST-010-01,20,A
14X,WGST-010-02,14,A
14X,WGST-30.01-01,23,A-
14X,WGST-43.07-01,11,A
14F,AAAS-010-01,13,A-
14F,AAAS-013-01,12,B
14F,AAAS-019-01,13,A-
14F,AAAS-033-01,18,B
14F,AAAS-035-01,10,B+
14F,AAAS-039-01,50,A-
14F,AAAS-052-01,17,B+
14F,AAAS-82.05-01,10,A
14F,AAAS-87.05-01,34,A-/B+
14F,AMES-026-01,21,A-
14F,AMES-21.09-01,32,A
14F,AMES-42.06-01,18,A-
14F,AMES-43.03-01,17,A-
14F,ANTH-001-01,68,B
14F,ANTH-008-01,52,B+
14F,ANTH-017-01,31,A
14F,ANTH-020-01,52,B
14F,ANTH-032-01,21,A-
14F,ANTH-038-01,18,A
14F,ANTH-040-01,16,A-
14F,ANTH-073-01,15,A-
14F,ANTH-50.09-01,10,A
14F,ARAB-001-01,13,A
14F,ARAB-001-02,14,A /A-
14F,ARAB-001-03,11,A-
14F,ARAB-021-01,13,A-
14F,ARTH-001-01,35,A-
14F,ARTH-042-01,14,B
14F,ARTH-048-01,13,A
14F,ARTH-16.03-01,39,B+
14F,ARTH-17.04-01,15,A-
14F,ASTR-002-01,36,B
14F,ASTR-003-01,18,B+
14F,BIOL-002-01,89,B+
14F,BIOL-012-01,51,B
14F,BIOL-012-02,54,B
14F,BIOL-016-01,35,B
14F,BIOL-027-01,23,A-
14F,BIOL-034-01,10,B+
14F,BIOL-036-01,16,A-
14F,BIOL-040-01,95,B
14F,BIOL-046-01,23,B+
14F,BIOL-11'06-01,89,B
14F,BIOL-52.01-01,10,A-
14F,CHEM-005-01,78,B
14F,CHEM-006-01,42,B+
14F,CHEM-010-01,25,A-
14F,CHEM-051-01,66,B+
14F,CHIN-001-02,15,A
14F,CHIN-001-03,10,A
14F,CHIN-004-01,10,A-
14F,CHIN-004-02,11,A-
14F,CHIN-004-03,10,A-
14F,CHIN-031-90,17,A
14F,CHIN-62.01-01,14,A-
14F,CLST-003-01,13,B+
14F,CLST-006-01,23,B+
14F,CLST-015-01,25,A-
14F,CLST-024-01,16,B+
14F,CLST-11.04-01,56,A-
14F,COCO-03.01-01,10,A
14F,COCO-04.02-01,10,A-
14F,COGS-11.01-01,20,B
14F,COLT-001-01,72,A
14F,COLT-31.01-01,16,A-
14F,COLT-34.01-01,18,A
14F,COLT-34.02-01,18,A
14F,COLT-40.01-01,14,A-
14F,COSC-001-01,161,A-
14F,COSC-010-01,53,B+
14F,COSC-010-02,68,B+
14F,COSC-016-01,29,A-
14F,COSC-024-01,22,B+
14F,COSC-024-02,23,B
14F,COSC-030-01,65,B
14F,COSC-031-01,45,B
14F,COSC-055-01,29,A-
14F,COSC-058-01,15,B
14F,COSC-071-01,10,B+
14F,COSC-073-01,37,A-
14F,COSC-074-01,18,A-/B+
14F,COSC-075-01,10,B+
14F,COSC-129-01,19,A-
14F,COSC-174-01,18,A-/B+
14F,COSC-175-01,10,B+
14F,COSC-29.01-01,19,A-
14F,EARS-001-01,61,A-
14F,EARS-006-01,160,A
14F,EARS-037-01,19,A-
14F,EARS-045-90,14,A-
14F,EARS-046-90,14,A-
14F,EARS-047-90,14,A-
14F,ECON-001-01,90,B+/B
14F,ECON-001-02,90,B+/B
14F,ECON-001-03,51,B
14F,ECON-001-04,51,B
14F,ECON-001-05,47,B
14F,ECON-001-06,39,B
14F,ECON-002-01,38,B
14F,ECON-010-01,59,B+
14F,ECON-010-02,59,B+
14F,ECON-020-01,12,B+/B
14F,ECON-020-02,40,B+
14F,ECON-020-03,40,B+
14F,ECON-021-01,40,A-/B+
14F,ECON-021-02,40,A-/B+
14F,ECON-021-03,48,B+
14F,ECON-021-04,48,B+
14F,ECON-022-01,53,B
14F,ECON-022-02,53,B
14F,ECON-022-03,57,B+
14F,ECON-022-04,57,B+
14F,ECON-024-01,68,B+
14F,ECON-024-02,68,B+
14F,ECON-026-01,28,A-/B+
14F,ECON-026-02,28,A-/B+
14F,ECON-027-01,33,B+
14F,ECON-028-01,30,B+
14F,ECON-028-02,30,B+
14F,ECON-029-01,65,B+
14F,ECON-029-02,65,B+
14F,ECON-036-01,54,A-
14F,ECON-036-02,54,A-
14F,ECON-038-01,30,B+
14F,ECON-039-01,63,A-
14F,ECON-039-02,63,A-
14F,ECON-079-01,12,A
14F,ECON-080-01,12,A /A-
14F,EDUC-001-01,55,B+
14F,EDUC-015-01,15,A-
14F,EDUC-016-01,21,A-
14F,ENGL-001-01,18,A /A-
14F,ENGL-023-01,14,B+
14F,ENGL-028-01,24,A-
14F,ENGL-033-01,10,B+
14F,ENGL-039-01,11,A
14F,ENGL-045-01,17,A-
14F,ENGL-047-01,30,B+
14F,ENGL-080-01,13,A
14F,ENGL-51.13-01,13,A
14F,ENGL-52.03-01,10,A
14F,ENGL-52.13-01,23,A-
14F,ENGL-52.21-01,18,A-
14F,ENGL-53.19-01,11,A-
14F,ENGL-54.11-01,16,A-
14F,ENGL-54.15-01,14,A-
14F,ENGL-86.02-01,10,A
14F,ENGS-004-01,29,A
14F,ENGS-012-01,24,A
14F,ENGS-013-01,26,B+
14F,ENGS-020-01,46,B+
14F,ENGS-021-01,41,A
14F,ENGS-022-01,31,B+
14F,ENGS-023-01,55,B+
14F,ENGS-026-01,25,B+
14F,ENGS-027-01,30,A-
14F,ENGS-033-01,42,A-
14F,ENGS-035-01,22,A
14F,ENGS-036-01,10,A-
14F,ENGS-037-01,48,B+
14F,ENGS-066-01,65,B
14F,ENGS-076-01,27,A-
14F,ENGS-089-01,28,B+
14F,ENGS-091-01,10,B+
14F,ENGS-160-01,22,A
14F,ENVS-002-01,60,B+
14F,ENVS-003-01,63,B+
14F,ENVS-016-01,21,B+
14F,ENVS-018-01,28,A
14F,ENVS-040-90,16,A-
14F,ENVS-042-90,16,B+
14F,ENVS-060-01,10,A /A-
14F,ENVS-061-01,27,B+
14F,ENVS-084-90,16,A-
14F,ENVS-80.03-01,16,A-
14F,FILM-001-01,37,B+
14F,FILM-020-01,20,B+
14F,FILM-030-01,12,A-
14F,FILM-033-01,12,A-
14F,FILM-41.06-01,25,B+
14F,FILM-47.01-01,15,A
14F,FREN-001-01,12,A-
14F,FREN-001-03,10,A-/B+
14F,FREN-002-01,16,B+
14F,FREN-002-02,14,A
14F,FREN-002-03,17,A-
14F,FREN-002-04,17,A
14F,FREN-003-01,13,A
14F,FREN-003-02,15,A-
14F,FREN-008-01,12,A-
14F,FREN-008-02,11,A-
14F,FREN-024-01,13,A
14F,FREN-10.03-01,13,A-
14F,FREN-10.05-01,11,A
14F,FREN-53.02-01,15,A
14F,FRIT-033-01,15,A-
14F,GEOG-001-01,43,A-
14F,GEOG-006-01,41,B+
14F,GEOG-015-01,42,A-
14F,GEOG-016-01,14,A-
14F,GEOG-020-01,26,A-
14F,GEOG-031-01,14,B+/B
14F,GEOG-050-01,34,B+
14F,GEOG-057-01,15,A-
14F,GEOG-090-01,17,A-
14F,GEOG-090-02,16,A-
14F,GERM-001-01,14,B+/B
14F,GERM-001-02,11,A
14F,GERM-001-03,11,B+
14F,GERM-10.01-01,13,A
14F,GOVT-003-01,55,B+
14F,GOVT-004-01,49,B+
14F,GOVT-005-01,48,B+
14F,GOVT-005-02,48,B+
14F,GOVT-006-01,48,B+
14F,GOVT-010-01,30,A-/B+
14F,GOVT-010-02,41,B+
14F,GOVT-026-01,25,B+
14F,GOVT-031-01,39,B+
14F,GOVT-042-01,34,A-/B+
14F,GOVT-054-01,45,B+
14F,GOVT-065-01,29,A-
14F,GOVT-30.02-01,26,B+
14F,GOVT-30.03-01,37,B+
14F,GOVT-40.09-01,33,A-
14F,GOVT-49.05-01,12,B+
14F,GOVT-50.02-01,32,B+
14F,GOVT-60.04-01,38,B+
14F,GOVT-60.05-01,35,B+
14F,GOVT-60.09-01,13,A-
14F,GOVT-64.01-01,20,B+
14F,GOVT-83.02-01,16,A-
14F,GOVT-85.08-01,16,A-
14F,GOVT-85.31-01,10,B+
14F,GOVT-86.02-01,17,A-
14F,GOVT-86.27-01,10,A /A-
14F,HIST-003-01,18,A-/B+
14F,HIST-010-01,23,B+
14F,HIST-011-01,35,B+
14F,HIST-017-01,12,B
14F,HIST-019-01,22,A-
14F,HIST-029-01,25,A-
14F,HIST-036-01,34,A-/B+
14F,HIST-046-01,39,B+
14F,HIST-049-01,11,A-
14F,HIST-05.03-01,16,A-
14F,HIST-05.05-01,23,B+
14F,HIST-05.08-01,13,A-
14F,HIST-051-01,15,A-
14F,HIST-06.26-01,17,A-
14F,HIST-068-01,17,B+
14F,HIST-09.01-01,14,A-/B+
14F,HIST-098-01,12,A
14F,HIST-25.02-01,26,B+
14F,HIST-94.04-01,25,A-
14F,HIST-96.07-01,12,A-
14F,HUM-001-02,16,A-
14F,HUM-001-03,16,A-
14F,HUM-001-04,16,A-
14F,INTS-015-01,33,A-
14F,INTS-016-01,41,B+
14F,INTS-80.01-01,12,A-
14F,ITAL-001-01,12,A-
14F,ITAL-001-02,13,A-
14F,ITAL-001-03,14,A-
14F,ITAL-002-01,16,A /A-
14F,ITAL-003-01,16,A
14F,JAPN-001-01,11,A-
14F,JAPN-001-02,13,A
14F,JWST-004-01,16,A-
14F,JWST-006-01,47,B+
14F,JWST-40.01-01,33,A-
14F,LACS-020-01,20,A
14F,LACS-053-01,12,B+
14F,LACS-30.05-01,10,A
14F,LACS-50.04-01,17,A-
14F,LAT-001-01,14,A
14F,LAT-001-02,15,A
14F,LAT-001-03,13,A
14F,LING-001-01,65,B+
14F,LING-018-01,30,B+
14F,LING-022-01,12,A-
14F,LING-50.01-01,37,A-
14F,M&SS-015-01,18,A
14F,M&SS-036-01,15,B+
14F,MATH-001-01,37,B
14F,MATH-001-02,37,B
14F,MATH-003-01,169,B
14F,MATH-003-02,169,B
14F,MATH-003-03,169,B
14F,MATH-003-04,169,B
14F,MATH-008-01,142,B
14F,MATH-008-03,142,B
14F,MATH-008-04,142,B
14F,MATH-011-01,192,B+
14F,MATH-011-03,192,B+
14F,MATH-011-04,192,B+
14F,MATH-011-05,192,B+
14F,MATH-013-01,33,B+
14F,MATH-020-01,33,A-
14F,MATH-022-01,51,B+
14F,MATH-023-01,44,B+
14F,MATH-023-03,44,B+
14F,MATH-025-01,36,A-
14F,MATH-031-01,23,A-
14F,MATH-036-01,15,B+
14F,MATH-071-01,12,A-
14F,MATH-086-01,20,B
14F,MUS-001-01,25,A-
14F,MUS-005-01,50,A-
14F,MUS-006-01,20,A-
14F,MUS-020-01,16,A-
14F,MUS-025-01,13,A
14F,MUS-051-01,28,A
14F,NAS-008-01,41,A-
14F,NAS-018-01,28,A
14F,NAS-025-01,39,A-
14F,NAS-036-01,35,B+
14F,NAS-042-01,17,A
14F,NAS-048-01,13,A-
14F,PBPL-042-01,38,B+
14F,PBPL-045-01,31,A-
14F,PBPL-052-01,26,B+
14F,PBPL-81.09-01,16,A-
14F,PBPL-82.02-01,10,A-
14F,PHIL-003-01,28,B+
14F,PHIL-01.01-01,28,B+
14F,PHIL-01.02-01,17,A-
14F,PHIL-010-01,20,B
14F,PHIL-011-01,16,A-
14F,PHIL-029-01,15,B+
14F,PHIL-09.01-01,29,A-
14F,PHIL-09.02-01,23,A-
14F,PHYS-003-01,98,A-
14F,PHYS-013-01,103,B+
14F,PHYS-013-02,103,B+
14F,PHYS-015-01,40,A
14F,PHYS-019-01,11,A
14F,PHYS-043-01,16,A-/B+
14F,PORT-062-01,11,A
14F,PSYC-001-01,159,B+
14F,PSYC-006-01,73,B+
14F,PSYC-010-01,62,B+
14F,PSYC-011-01,26,B+
14F,PSYC-024-01,71,B
14F,PSYC-040-01,29,A-
14F,PSYC-045-01,35,A-
14F,PSYC-053-01,24,B+
14F,PSYC-065-01,23,B
14F,PSYC-065-02,26,B
14F,PSYC-50.04-01,34,B+
14F,PSYC-51.02-01,31,B+
14F,PSYC-51.03-01,30,A-
14F,PSYC-51.05-01,23,B+
14F,PSYC-60.01-01,13,A-
14F,QBS-175-01,10,B+
14F,REL-001-01,35,A-
14F,REL-004-01,16,A-
14F,REL-006-01,47,B+
14F,REL-011-01,54,A-
14F,REL-065-01,207,A-
14F,REL-19.06-01,18,A-
14F,REL-32.02-01,15,A-
14F,REL-57.01-01,11,A-
14F,REL-80.02-01,18,A-
14F,RUSS-001-01,14,A-
14F,RUSS-013-01,30,A
14F,RUSS-027-01,13,A-
14F,RUSS-38.01-01,10,A-
14F,SART-015-01,15,A
14F,SART-015-02,15,A
14F,SART-015-03,13,A
14F,SART-017-01,13,A
14F,SOCY-001-01,89,B
14F,SOCY-010-01,29,B+
14F,SOCY-015-01,21,B+
14F,SOCY-023-01,18,A-
14F,SOCY-027-01,36,A-
14F,SOCY-032-01,44,B+
14F,SOCY-035-01,25,A
14F,SOCY-037-01,16,A
14F,SOCY-062-01,26,A-
14F,SOCY-067-01,10,A-
14F,SOCY-068-01,29,B+
14F,SOCY-49.08-01,37,A-
14F,SOCY-49.19-01,56,A-
14F,SPAN-001-01,16,A-
14F,SPAN-001-02,17,A-
14F,SPAN-001-03,18,B+
14F,SPAN-001-04,11,A
14F,SPAN-002-01,13,A-
14F,SPAN-002-02,18,A-
14F,SPAN-002-03,18,A-
14F,SPAN-002-04,18,A-
14F,SPAN-002-05,17,A-
14F,SPAN-003-02,15,A-
14F,SPAN-003-04,15,A-
14F,SPAN-003-06,10,A-
14F,SPAN-009-01,18,A
14F,SPAN-009-02,16,A-
14F,SPAN-009-03,18,A
14F,SPAN-020-01,14,A-
14F,SPAN-020-02,13,A
14F,SPAN-024-90,17,A-
14F,SPAN-032-01,13,A-
14F,SPAN-034-90,17,A-
14F,SPAN-036-90,17,A
14F,SPAN-053-01,16,A-
14F,SPAN-40.01-01,15,A
14F,SPAN-65.01-01,11,A-
14F,SPEE-020-01,14,A /A-
14F,SPEE-020-02,14,A
14F,SPEE-034-01,10,A-
14F,THEA-015-01,13,A-
14F,THEA-026-01,12,A
14F,THEA-030-01,16,A
14F,THEA-030-02,15,A
14F,THEA-030-03,18,A
14F,THEA-040-01,14,A
14F,THEA-044-01,11,A-
14F,THEA-090-01,11,A
14F,THEA-10.01-01,18,A
14F,THEA-10.06-01,17,A-
14F,THEA-10.07-01,10,A-
14F,TUCK-002-01,117,A-
14F,TUCK-002-02,117,A-
14F,WGST-010-01,23,A-
14F,WGST-010-02,18,A-
14F,WGST-010-03,18,A
14F,WGST-010-04,11,A
14F,WGST-26.02-01,25,A-
14F,WGST-33.07-01,26,A-
14F,WGST-40.01-01,17,A
14F,WGST-49.05-01,32,A
14F,WGST-59.05-01,17,A-
14F,WGST-66.05-01,13,A
14F,WGST-80.06-01,15,A-
14F,WRIT-005-01,16,B+
14F,WRIT-005-02,15,A-
14F,WRIT-005-04,15,A-
14F,WRIT-005-05,15,A
14F,WRIT-005-06,15,B+
14F,WRIT-005-07,14,B+
14F,WRIT-005-08,16,A-
14F,WRIT-005-09,16,A-
14F,WRIT-005-10,15,A-
14F,WRIT-005-11,15,A-
14F,WRIT-005-12,16,A-/B+
14F,WRIT-005-13,16,A
14F,WRIT-005-14,16,A
14F,WRIT-005-15,12,A
14F,WRIT-005-16,16,A-
14F,WRIT-005-17,16,B+
14F,WRIT-005-18,15,B+
14F,WRIT-005-19,16,A-
14F,WRIT-005-20,16,A
14F,WRIT-005-21,16,A-
14F,WRIT-005-22,15,B+
14F,WRIT-005-23,16,A
14F,WRIT-005-24,16,A-
14F,WRIT-005-25,16,A
14F,WRIT-005-26,16,A
14F,WRIT-005-27,16,B+
14F,WRIT-005-28,15,A-
14F,WRIT-005-29,16,A-
14F,WRIT-005-30,16,A-
14F,WRIT-005-31,16,A-
14F,WRIT-005-32,15,B+
14F,WRIT-005-33,16,A-
14F,WRIT-005-34,16,B+
